"","userID","sessionID","actionTaken","timelineMSEC","durationMSEC","X","Y","Rel__dist_","Total_dist_"
"1","ID01","ID01_Session01","Left mouse button pressed",0,78,"286","909","1516.28","5842.69"
"2","ID01","ID01_Session01","Left mouse button pressed",28406,94,"561","719","333.40","3375.46"
"3","ID01","ID01_Session01","Left mouse button pressed",33687,125,"305","480","350.22","1216.32"
"4","ID01","ID01_Session01","Left mouse button pressed",52562,110,"117","472","0.00","0.00"
"5","ID01","ID01_Session01","Left mouse button pressed",63172,578,"654","367","490.90","986.00"
"6","ID01","ID01_Session01","Left mouse button pressed",63953,78,"811","399","21.10","21.65"
"7","ID01","ID01_Session01","Left mouse button pressed",207546,109,"592","534","257.27","3977.26"
"8","ID01","ID01_Session01","Left mouse button pressed",216421,187,"710","618","144.84","165.01"
"9","ID01","ID01_Session01","Left mouse button pressed",217749,609,"568","532","166.01","190.26"
"10","ID01","ID01_Session01","Left mouse button pressed",218608,94,"703","538","4.47","5.41"
"11","ID01","ID01_Session01","Left mouse button pressed",261889,110,"612","616","79.85","92.66"
"12","ID01","ID01_Session01","Left mouse button pressed",320217,484,"676","625","79.93","759.38"
"13","ID01","ID01_Session01","Left mouse button pressed",320889,62,"779","632","12.21","12.54"
"14","ID01","ID01_Session01","Left mouse button pressed",321670,375,"558","637","221.06","221.86"
"15","ID01","ID01_Session01","Left mouse button pressed",322264,94,"666","647","56.72","57.96"
"16","ID01","ID01_Session01","Left mouse button pressed",326889,406,"618","561","76.53","157.31"
"17","ID01","ID01_Session01","Left mouse button pressed",327561,62,"745","565","10.77","11.99"
"18","ID01","ID01_Session01","Left mouse button pressed",330686,125,"614","582","132.10","489.20"
"19","ID01","ID01_Session01","Left mouse button pressed",331123,94,"724","600","111.46","112.43"
"20","ID01","ID01_Session01","Left mouse button pressed",337529,110,"487","115","507.67","549.53"
"21","ID01","ID01_Session01","Left mouse button pressed",338498,94,"411","439","332.79","398.13"
"22","ID01","ID01_Session01","Left mouse button pressed",354560,63,"1580","610","1165.35","3281.86"
"23","ID01","ID01_Session01","Left mouse button pressed",408888,141,"871","793","570.73","2331.05"
"24","ID01","ID01_Session01","Left mouse button pressed",418888,141,"946","563","134.94","230.46"
"25","ID01","ID01_Session01","Left mouse button pressed",600481,78,"570","424","389.13","1038.66"
"26","ID01","ID01_Session01","Left mouse button pressed",610434,172,"541","769","346.22","751.06"
"27","ID01","ID01_Session01","Left mouse button pressed",850901,1109,"636","532","222.08","1848.36"
"28","ID01","ID01_Session01","Left mouse button pressed",852464,78,"899","556","134.65","138.81"
"29","ID01","ID01_Session01","Left mouse button pressed",1157727,891,"718","322","324.72","1131.63"
"30","ID01","ID01_Session01","Left mouse button pressed",1158946,62,"963","329","9.90","13.41"
"31","ID01","ID01_Session01","Left mouse button pressed",1159805,485,"947","326","16.28","93.56"
"32","ID01","ID01_Session01","Left mouse button pressed",1160446,94,"1065","325","2.24","3.00"
"33","ID01","ID01_Session01","Left mouse button pressed",1161462,578,"753","357","313.64","332.68"
"34","ID01","ID01_Session01","Left mouse button pressed",1162196,78,"928","368","5.83","6.65"
"35","ID01","ID01_Session01","Left mouse button pressed",1162883,610,"911","360","18.79","57.96"
"36","ID01","ID01_Session01","Left mouse button pressed",1163633,94,"1025","368","5.00","5.00"
"37","ID01","ID01_Session01","Left mouse button pressed",1164493,719,"741","376","284.11","284.97"
"38","ID01","ID01_Session01","Left mouse button pressed",1165415,93,"948","384","8.06","8.66"
"39","ID01","ID01_Session01","Left mouse button pressed",1165805,422,"984","385","36.01","36.41"
"40","ID01","ID01_Session01","Left mouse button pressed",1166383,78,"1076","394","3.16","4.00"
"41","ID01","ID01_Session01","Left mouse button pressed",1167399,516,"826","398","250.03","256.66"
"42","ID01","ID01_Session01","Left mouse button pressed",1168055,94,"981","407","5.00","5.00"
"43","ID01","ID01_Session01","Left mouse button pressed",1169836,625,"715","271","263.30","298.08"
"44","ID01","ID01_Session01","Left mouse button pressed",1170696,125,"841","298","89.50","91.58"
"45","ID01","ID01_Session01","Left mouse button pressed",1171461,110,"1021","279","181.00","183.42"
"46","ID01","ID01_Session01","Left mouse button pressed",1174430,141,"827","295","194.66","446.45"
"47","ID01","ID01_Session01","Left mouse button pressed",1180868,484,"770","321","62.65","617.39"
"48","ID01","ID01_Session01","Left mouse button pressed",1181540,78,"913","325","19.00","19.00"
"49","ID01","ID01_Session01","Left mouse button pressed",1189071,484,"1023","154","228.95","452.43"
"50","ID01","ID01_Session01","Left mouse button pressed",1189774,78,"1078","158","2.00","2.00"
"51","ID01","ID01_Session01","Left mouse button pressed",1191118,468,"671","201","409.27","414.12"
"52","ID01","ID01_Session01","Left mouse button pressed",1191758,78,"714","220","15.62","16.78"
"53","ID01","ID01_Session01","Left mouse button pressed",1379179,78,"25","68","1165.24","1702.61"
"54","ID01","ID01_Session01","Left mouse button pressed",1382429,109,"419","526","604.15","1703.62"
"55","ID01","ID01_Session01","Left mouse button pressed",1400491,94,"783","688","398.42","1055.23"
"56","ID01","ID01_Session01","Left mouse button pressed",1417726,828,"525","503","317.47","2431.60"
"57","ID01","ID01_Session01","Left mouse button pressed",1418788,78,"660","505","0.00","0.00"
"58","ID01","ID01_Session01","Left mouse button pressed",1419460,469,"690","509","30.27","63.41"
"59","ID01","ID01_Session01","Left mouse button pressed",1420132,109,"821","512","15.00","15.00"
"60","ID01","ID01_Session01","Left mouse button pressed",1420804,312,"846","511","25.02","62.00"
"61","ID01","ID01_Session01","Left mouse button pressed",1421241,94,"874","518","7.81","8.89"
"62","ID01","ID01_Session01","Left mouse button pressed",1422179,921,"520","527","354.11","354.81"
"63","ID01","ID01_Session01","Left mouse button pressed",1423241,78,"828","529","0.00","0.00"
"64","ID01","ID01_Session01","Left mouse button pressed",1424319,1266,"535","566","295.33","309.70"
"65","ID01","ID01_Session01","Left mouse button pressed",1425788,94,"879","573","5.00","5.00"
"66","ID01","ID01_Session01","Left mouse button pressed",1496413,312,"796","590","22.47","162.11"
"67","ID01","ID01_Session01","Left mouse button pressed",1496897,94,"847","642","49.65","50.07"
"68","ID01","ID01_Session01","Left mouse button pressed",1498381,375,"756","462","196.60","254.79"
"69","ID01","ID01_Session01","Left mouse button pressed",1498928,94,"834","471","7.00","8.24"
"70","ID01","ID01_Session01","Left mouse button pressed",1499522,390,"757","502","83.01","106.88"
"71","ID01","ID01_Session01","Left mouse button pressed",1500084,94,"829","523","34.00","35.26"
"72","ID01","ID01_Session01","Left mouse button pressed",1502725,672,"733","361","189.45","333.59"
"73","ID01","ID01_Session01","Left mouse button pressed",1503537,110,"850","377","40.31","40.90"
"74","ID01","ID01_Session01","Left mouse button pressed",1504678,844,"723","380","127.04","142.78"
"75","ID01","ID01_Session01","Left mouse button pressed",1505678,94,"836","409","51.04","52.32"
"76","ID01","ID01_Session01","Left mouse button pressed",1506209,469,"762","396","75.13","79.44"
"77","ID01","ID01_Session01","Left mouse button pressed",1506819,62,"823","406","12.21","12.95"
"78","ID01","ID01_Session01","Left mouse button pressed",1507537,797,"716","421","108.05","116.01"
"79","ID01","ID01_Session01","Left mouse button pressed",1508506,125,"895","422","8.25","8.65"
"80","ID01","ID01_Session01","Left mouse button pressed",1511272,422,"836","404","61.68","642.63"
"81","ID01","ID01_Session01","Left mouse button pressed",1511881,94,"870","447","15.81","17.48"
"82","ID01","ID01_Session01","Left mouse button pressed",1514991,765,"732","417","192.07","288.26"
"83","ID01","ID01_Session01","Left mouse button pressed",1515912,110,"852","427","11.66","13.30"
"84","ID01","ID01_Session01","Left mouse button pressed",1518256,1266,"738","388","55.76","68.98"
"85","ID01","ID01_Session01","Left mouse button pressed",1519709,94,"903","419","12.37","13.65"
"86","ID01","ID01_Session01","Left mouse button pressed",1520897,906,"741","405","162.60","177.50"
"87","ID01","ID01_Session01","Left mouse button pressed",1522053,125,"906","411","0.00","0.00"
"88","ID01","ID01_Session01","Left mouse button pressed",1544084,125,"824","586","193.26","3544.75"
"89","ID01","ID01_Session01","Left mouse button pressed",1546647,1562,"744","466","144.22","201.76"
"90","ID01","ID01_Session01","Left mouse button pressed",1548412,94,"911","604","29.73","33.63"
"91","ID01","ID01_Session01","Left mouse button pressed",1549381,109,"553","499","373.08","396.57"
"92","ID01","ID01_Session01","Left mouse button pressed",1637177,94,"799","584","156.55","500.43"
"93","ID01","ID01_Session01","Left mouse button pressed",1640677,94,"9","59","764.74","859.96"
"94","ID01","ID01_Session01","Left mouse button pressed",1669052,109,"1462","571","696.00","1290.35"
"95","ID01","ID01_Session01","Left mouse button pressed",1671161,94,"1128","651","343.45","360.44"
"96","ID01","ID01_Session01","Left mouse button pressed",1675599,109,"577","555","559.30","1053.18"
"97","ID01","ID01_Session01","Left mouse button pressed",1676958,375,"767","466","209.81","312.58"
"98","ID01","ID01_Session01","Left mouse button pressed",1677521,62,"867","502","24.41","26.44"
"99","ID01","ID01_Session01","Left mouse button pressed",1700005,109,"595","498","177.16","2456.87"
"100","ID01","ID01_Session01","Left mouse button pressed",1717739,94,"26","57","828.60","1036.65"
"101","ID01","ID01_Session01","Left mouse button pressed",1720395,125,"350","744","759.57","2916.78"
"102","ID01","ID01_Session01","Left mouse button pressed",1758442,94,"1113","597","755.05","2048.12"
"103","ID01","ID01_Session02","Left mouse button pressed",0,93,"1203","700","1391.84","7550.04"
"104","ID01","ID01_Session02","Left mouse button pressed",12374,110,"1201","703","3.61","3474.03"
"105","ID01","ID01_Session02","Left mouse button pressed",27374,125,"673","793","185.00","406.08"
"106","ID01","ID01_Session02","Left mouse button pressed",40984,93,"692","776","32.65","842.91"
"107","ID01","ID01_Session02","Left mouse button pressed",45937,140,"45","734","648.36","985.97"
"108","ID01","ID01_Session02","Left mouse button pressed",69030,469,"404","509","408.81","464.61"
"109","ID01","ID01_Session02","Left mouse button pressed",69780,78,"485","533","16.12","18.28"
"110","ID01","ID01_Session02","Left mouse button pressed",70312,109,"512","525","28.16","54.48"
"111","ID01","ID01_Session02","Left mouse button pressed",83374,109,"313","538","199.42","763.63"
"112","ID01","ID01_Session02","Left mouse button pressed",112905,156,"23","59","559.95","823.49"
"113","ID01","ID01_Session02","Left mouse button pressed",115718,140,"74","610","553.36","1003.60"
"114","ID01","ID01_Session02","Left mouse button pressed",128452,62,"544","750","464.54","1322.54"
"115","ID01","ID01_Session02","Left mouse button pressed",137077,109,"601","655","88.41","779.95"
"116","ID01","ID01_Session02","Left mouse button pressed",149108,125,"929","583","321.12","652.76"
"117","ID01","ID01_Session02","Left mouse button pressed",185373,94,"20","65","806.49","2187.18"
"118","ID01","ID01_Session02","Left mouse button pressed",187983,156,"86","628","566.86","1500.11"
"119","ID01","ID01_Session02","Left mouse button pressed",205311,78,"577","792","304.38","337.25"
"120","ID01","ID01_Session02","Left mouse button pressed",225826,328,"531","510","285.73","1927.24"
"121","ID01","ID01_Session02","Left mouse button pressed",226561,78,"658","532","56.52","59.48"
"122","ID01","ID01_Session02","Left mouse button pressed",230326,641,"506","485","159.10","265.46"
"123","ID01","ID01_Session02","Left mouse button pressed",231217,78,"576","501","11.40","14.24"
"124","ID01","ID01_Session02","Left mouse button pressed",249701,109,"327","511","228.12","1309.55"
"125","ID01","ID01_Session02","Left mouse button pressed",250904,531,"328","511","1.00","1.00"
"126","ID01","ID01_Session02","Left mouse button pressed",251654,110,"381","527","11.18","11.89"
"127","ID01","ID01_Session02","Left mouse button pressed",281685,94,"544","613","184.30","333.39"
"128","ID01","ID01_Session02","Left mouse button pressed",338154,1640,"436","585","91.71","124.96"
"129","ID01","ID01_Session02","Left mouse button pressed",339997,94,"700","588","0.00","0.00"
"130","ID01","ID01_Session02","Left mouse button pressed",462981,125,"16","67","618.44","1206.41"
"131","ID01","ID01_Session02","Left mouse button pressed",468856,109,"510","830","908.96","1749.29"
"132","ID01","ID01_Session02","Left mouse button pressed",469575,109,"516","776","54.33","55.20"
"133","ID01","ID01_Session02","Left mouse button pressed",475981,500,"618","452","339.68","1871.18"
"134","ID01","ID01_Session02","Left mouse button pressed",476668,63,"733","478","24.19","25.24"
"135","ID01","ID01_Session02","Left mouse button pressed",477887,672,"494","478","239.00","255.90"
"136","ID01","ID01_Session02","Left mouse button pressed",478731,94,"697","489","2.24","3.00"
"137","ID01","ID01_Session02","Left mouse button pressed",480481,719,"477","510","221.00","276.10"
"138","ID01","ID01_Session02","Left mouse button pressed",481340,125,"615","527","1.41","3.41"
"139","ID01","ID01_Session02","Left mouse button pressed",576308,94,"704","490","96.38","5730.67"
"140","ID01","ID01_Session02","Left mouse button pressed",576761,79,"626","520","83.57","87.90"
"141","ID01","ID01_Session02","Left mouse button pressed",577402,391,"531","551","99.93","106.08"
"142","ID01","ID01_Session02","Left mouse button pressed",577980,63,"702","586","91.55","93.50"
"143","ID01","ID01_Session02","Left mouse button pressed",581746,547,"472","594","230.14","273.14"
"144","ID01","ID01_Session02","Left mouse button pressed",582418,93,"620","615","32.70","33.58"
"145","ID01","ID01_Session02","Left mouse button pressed",583246,515,"458","608","162.15","164.34"
"146","ID01","ID01_Session02","Left mouse button pressed",583949,94,"546","610","17.03","18.00"
"147","ID01","ID01_Session02","Left mouse button pressed",584371,515,"564","610","18.00","22.00"
"148","ID01","ID01_Session02","Left mouse button pressed",585058,110,"681","610","0.00","0.00"
"149","ID01","ID01_Session02","Left mouse button pressed",586402,484,"344","620","337.15","463.02"
"150","ID01","ID01_Session02","Left mouse button pressed",587058,78,"514","624","27.29","28.38"
"151","ID01","ID01_Session02","Left mouse button pressed",587933,797,"435","626","79.03","94.29"
"152","ID01","ID01_Session02","Left mouse button pressed",588902,78,"691","630","3.00","3.00"
"153","ID01","ID01_Session02","Left mouse button pressed",599433,203,"640","532","76.66","675.23"
"154","ID01","ID01_Session02","Left mouse button pressed",605855,2156,"355","564","288.78","339.15"
"155","ID01","ID01_Session02","Left mouse button pressed",609121,109,"352","585","378.30","390.76"
"156","ID01","ID01_Session02","Left mouse button pressed",633511,516,"433","601","82.57","221.69"
"157","ID01","ID01_Session02","Left mouse button pressed",634245,94,"579","604","23.09","23.83"
"158","ID01","ID01_Session02","Left mouse button pressed",677714,219,"684","527","117.00","506.36"
"159","ID01","ID01_Session02","Left mouse button pressed",678605,218,"437","540","248.29","253.74"
"160","ID01","ID01_Session02","Left mouse button pressed",679151,110,"503","552","49.73","53.49"
"161","ID01","ID01_Session02","Left mouse button pressed",825713,109,"284","621","297.42","731.02"
"162","ID01","ID01_Session02","Left mouse button pressed",829479,109,"20","63","509.90","619.51"
"163","ID01","ID01_Session02","Left mouse button pressed",831369,110,"82","472","413.67","1035.48"
"164","ID01","ID01_Session02","Left mouse button pressed",834041,78,"642","634","517.44","655.99"
"165","ID01","ID01_Session02","Left mouse button pressed",835900,79,"628","627","15.65","17.89"
"166","ID01","ID01_Session02","Left mouse button pressed",841916,828,"166","376","525.78","1127.07"
"167","ID01","ID01_Session02","Left mouse button pressed",843041,78,"354","373","0.00","0.00"
"168","ID01","ID01_Session02","Left mouse button pressed",860166,109,"252","545","199.97","404.74"
"169","ID01","ID01_Session02","Left mouse button pressed",861213,390,"219","521","40.80","109.72"
"170","ID01","ID01_Session02","Left mouse button pressed",861806,79,"307","599","45.01","45.08"
"171","ID01","ID01_Session02","Left mouse button pressed",876010,140,"24","52","695.44","825.96"
"172","ID01","ID01_Session02","Left mouse button pressed",880556,125,"106","600","554.10","1319.84"
"173","ID01","ID01_Session02","Left mouse button pressed",882322,94,"719","738","59.21","212.69"
"174","ID01","ID01_Session02","Left mouse button pressed",893338,171,"104","645","621.99","1044.17"
"175","ID01","ID01_Session02","Left mouse button pressed",909150,109,"157","611","123.49","266.20"
"176","ID01","ID01_Session02","Left mouse button pressed",912806,141,"8","50","580.45","1593.20"
"177","ID01","ID01_Session02","Left mouse button pressed",918197,94,"498","633","761.57","1818.45"
"178","ID01","ID01_Session02","Left mouse button pressed",947181,469,"364","323","337.72","1374.28"
"179","ID01","ID01_Session02","Left mouse button pressed",949072,62,"571","554","228.00","755.65"
"180","ID01","ID01_Session02","Left mouse button pressed",1057383,94,"884","357","329.36","1938.21"
"181","ID01","ID01_Session02","Left mouse button pressed",1061071,94,"481","107","474.25","513.29"
"182","ID01","ID01_Session02","Left mouse button pressed",1061852,94,"483","119","12.17","14.83"
"183","ID01","ID01_Session02","Left mouse button pressed",1068836,110,"620","436","345.34","1913.46"
"184","ID01","ID01_Session02","Left mouse button pressed",1328772,78,"35","578","580.13","701.16"
"185","ID01","ID01_Session02","Left mouse button pressed",1400491,78,"28","59","455.01","891.21"
"186","ID01","ID01_Session02","Left mouse button pressed",1403069,109,"99","466","413.15","1489.11"
"187","ID01","ID01_Session02","Left mouse button pressed",1408147,125,"529","523","433.76","1477.45"
"188","ID01","ID01_Session02","Left mouse button pressed",1412037,110,"566","509","39.56","67.48"
"189","ID01","ID01_Session02","Left mouse button pressed",1423084,94,"243","788","426.81","2587.32"
"190","ID01","ID01_Session02","Left mouse button pressed",1427147,93,"277","780","34.93","262.91"
"191","ID01","ID01_Session02","Left mouse button pressed",1432881,62,"319","790","43.17","225.36"
"192","ID01","ID01_Session02","Left mouse button pressed",1435959,109,"355","791","36.01","95.96"
"193","ID01","ID01_Session02","Left mouse button pressed",1440115,63,"409","785","54.33","121.00"
"194","ID01","ID01_Session02","Left mouse button pressed",1443443,94,"442","785","33.00","62.47"
"195","ID01","ID01_Session02","Left mouse button pressed",1446006,109,"488","793","46.69","53.13"
"196","ID01","ID01_Session02","Left mouse button pressed",1448443,94,"518","794","30.02","42.51"
"197","ID01","ID01_Session02","Left mouse button pressed",1450287,78,"557","785","40.02","49.66"
"198","ID01","ID01_Session02","Left mouse button pressed",1453240,141,"42","699","522.13","531.61"
"199","ID01","ID01_Session02","Left mouse button pressed",1554302,125,"417","791","342.44","806.10"
"200","ID01","ID01_Session02","Left mouse button pressed",1557599,391,"504","784","87.28","491.89"
"201","ID01","ID01_Session02","Left mouse button pressed",1558208,78,"584","786","8.54","9.65"
"202","ID01","ID01_Session02","Left mouse button pressed",1567427,94,"210","441","412.17","1006.09"
"203","ID01","ID01_Session02","Left mouse button pressed",1570099,78,"237","680","219.66","263.27"
"204","ID01","ID01_Session02","Left mouse button pressed",1573474,125,"268","678","31.06","161.56"
"205","ID01","ID01_Session02","Left mouse button pressed",1575224,94,"322","675","54.08","90.41"
"206","ID01","ID01_Session02","Left mouse button pressed",1577943,125,"360","673","38.05","38.83"
"207","ID01","ID01_Session02","Left mouse button pressed",1580005,63,"401","672","41.01","46.00"
"208","ID01","ID01_Session02","Left mouse button pressed",1581536,110,"442","678","41.44","41.79"
"209","ID01","ID01_Session02","Left mouse button pressed",1583114,63,"504","680","62.03","73.36"
"210","ID01","ID01_Session02","Left mouse button pressed",1583677,78,"481","678","23.09","24.41"
"211","ID01","ID01_Session02","Left mouse button pressed",1584833,78,"522","679","41.01","47.12"
"212","ID01","ID01_Session02","Left mouse button pressed",1585317,47,"564","680","42.01","42.16"
"213","ID01","ID01_Session02","Left mouse button pressed",1588114,157,"73","746","495.42","549.56"
"214","ID01","ID01_Session02","Left mouse button pressed",1589114,125,"24","50","697.72","910.01"
"215","ID01","ID01_Session02","Left mouse button pressed",1591786,125,"84","465","419.31","659.05"
"216","ID01","ID01_Session02","Left mouse button pressed",1601427,109,"1189","436","1105.38","1203.26"
"217","ID01","ID01_Session02","Left mouse button pressed",1633192,110,"1203","511","937.01","2102.51"
"218","ID01","ID01_Session02","Left mouse button pressed",1637083,94,"963","367","279.89","383.56"
"219","ID01","ID01_Session02","Left mouse button pressed",1687332,125,"28","55","493.64","753.80"
"220","ID01","ID01_Session02","Left mouse button pressed",1689629,157,"137","548","504.91","1205.44"
"221","ID01","ID01_Session02","Left mouse button pressed",1698098,109,"739","478","369.91","504.12"
"222","ID01","ID01_Session02","Left mouse button pressed",1711129,110,"527","401","225.55","236.52"
"223","ID01","ID01_Session02","Left mouse button pressed",1726598,109,"19","57","613.51","1098.20"
"224","ID01","ID01_Session02","Left mouse button pressed",1728473,94,"83","422","370.57","540.16"
"225","ID01","ID01_Session02","Left mouse button pressed",1748770,78,"1022","876","1038.19","1630.87"
"226","ID01","ID01_Session02","Left mouse button pressed",1750957,94,"1150","852","130.23","316.84"
"227","ID01","ID01_Session02","Left mouse button pressed",1753535,125,"976","787","179.32","195.00"
"228","ID01","ID01_Session02","Left mouse button pressed",1757863,94,"1197","816","278.10","450.98"
"229","ID01","ID01_Session03","Left mouse button pressed",0,62,"275","526","593.55","3202.96"
"230","ID01","ID01_Session03","Left mouse button pressed",37171,94,"23","67","616.24","746.60"
"231","ID01","ID01_Session03","Left mouse button pressed",40640,78,"462","729","794.33","3000.78"
"232","ID01","ID01_Session03","Left mouse button pressed",68811,94,"494","590","122.00","981.44"
"233","ID01","ID01_Session03","Left mouse button pressed",87311,359,"339","626","155.43","1295.49"
"234","ID01","ID01_Session03","Left mouse button pressed",87858,93,"484","629","0.00","0.00"
"235","ID01","ID01_Session03","Left mouse button pressed",159325,109,"25","64","796.19","866.94"
"236","ID01","ID01_Session03","Left mouse button pressed",173106,125,"610","448","262.93","845.50"
"237","ID01","ID01_Session03","Left mouse button pressed",180621,79,"517","440","198.28","468.19"
"238","ID01","ID01_Session03","Left mouse button pressed",233120,94,"601","785","355.08","1347.81"
"239","ID01","ID01_Session03","Left mouse button pressed",246167,516,"479","567","157.87","824.34"
"240","ID01","ID01_Session03","Left mouse button pressed",246886,62,"669","577","23.00","23.00"
"241","ID01","ID01_Session03","Left mouse button pressed",250183,875,"512","598","158.40","529.82"
"242","ID01","ID01_Session03","Left mouse button pressed",251386,93,"692","622","13.60","15.36"
"243","ID01","ID01_Session03","Left mouse button pressed",252292,500,"505","610","187.38","191.81"
"244","ID01","ID01_Session03","Left mouse button pressed",252979,94,"689","624","22.47","23.23"
"245","ID01","ID01_Session03","Left mouse button pressed",328790,63,"22","52","818.34","1319.04"
"246","ID01","ID01_Session03","Left mouse button pressed",342509,109,"73","526","476.74","2220.23"
"247","ID01","ID01_Session03","Left mouse button pressed",350524,94,"238","632","342.12","371.36"
"248","ID01","ID01_Session03","Left mouse button pressed",356915,94,"237","598","34.01","870.57"
"249","ID01","ID01_Session03","Left mouse button pressed",363415,94,"199","601","38.12","55.37"
"250","ID01","ID01_Session03","Left mouse button pressed",420351,110,"29","54","813.30","856.20"
"251","ID01","ID01_Session03","Left mouse button pressed",426148,94,"913","656","1069.51","1632.80"
"252","ID01","ID01_Session03","Left mouse button pressed",438523,62,"481","124","538.98","652.96"
"253","ID01","ID01_Session03","Left mouse button pressed",441007,109,"1178","572","828.56","921.52"
"254","ID01","ID01_Session03","Left mouse button pressed",447663,125,"907","747","183.86","389.88"
"255","ID01","ID01_Session03","Left mouse button pressed",450023,78,"1024","822","138.97","153.87"
"256","ID01","ID01_Session03","Left mouse button pressed",453397,172,"1163","786","143.59","307.26"
"257","ID01","ID01_Session03","Left mouse button pressed",466975,141,"1202","737","59.54","1278.72"
"258","ID01","ID01_Session03","Left mouse button pressed",574005,62,"717","728","441.03","597.19"
"259","ID01","ID01_Session03","Left mouse button pressed",574348,94,"720","716","12.37","12.99"
"260","ID01","ID01_Session03","Left mouse button pressed",645238,93,"1190","651","700.90","1046.54"
"261","ID01","ID01_Session03","Left mouse button pressed",653894,93,"485","116","580.55","696.84"
"262","ID01","ID01_Session03","Left mouse button pressed",655081,94,"74","461","536.61","657.84"
"263","ID01","ID01_Session03","Left mouse button pressed",672940,125,"1191","587","934.85","1152.42"
"264","ID01","ID01_Session03","Left mouse button pressed",702846,172,"335","499","787.71","3009.14"
"265","ID01","ID01_Session03","Left mouse button pressed",708314,625,"217","303","228.78","862.77"
"266","ID01","ID01_Session03","Left mouse button pressed",709143,125,"420","306","6.71","8.41"
"267","ID01","ID01_Session03","Left mouse button pressed",855827,125,"500","482","314.21","948.36"
"268","ID01","ID01_Session03","Left mouse button pressed",858405,47,"20","60","639.13","942.79"
"269","ID01","ID01_Session03","Left mouse button pressed",864593,1187,"175","613","280.18","427.84"
"270","ID01","ID01_Session03","Left mouse button pressed",865983,78,"361","611","4.00","4.00"
"271","ID01","ID01_Session03","Left mouse button pressed",876546,125,"787","492","396.45","1150.29"
"272","ID01","ID01_Session03","Left mouse button pressed",941122,94,"24","70","876.55","1434.66"
"273","ID01","ID01_Session03","Left mouse button pressed",943857,125,"106","565","501.75","1235.27"
"274","ID01","ID01_Session03","Left mouse button pressed",1057605,140,"54","473","331.93","1458.23"
"275","ID01","ID01_Session03","Left mouse button pressed",1060886,125,"159","204","377.13","468.98"
"276","ID01","ID01_Session03","Left mouse button pressed",1070354,94,"51","640","449.18","1566.26"
"277","ID01","ID01_Session03","Left mouse button pressed",1073276,63,"259","535","232.11","591.67"
"278","ID01","ID01_Session03","Left mouse button pressed",1073604,94,"262","552","17.26","18.06"
"279","ID01","ID01_Session03","Left mouse button pressed",1076307,94,"454","531","193.15","388.10"
"280","ID01","ID01_Session03","Left mouse button pressed",1304444,62,"596","723","40.31","383.69"
"281","ID01","ID01_Session03","Left mouse button pressed",1310131,516,"579","723","17.00","30.14"
"282","ID01","ID01_Session03","Left mouse button pressed",1310928,78,"729","753","59.62","61.23"
"283","ID01","ID01_Session03","Left mouse button pressed",1420660,156,"15","60","771.34","2721.87"
"284","ID01","ID01_Session03","Left mouse button pressed",1440472,110,"543","635","69.40","106.38"
"285","ID01","ID01_Session03","Left mouse button pressed",1468331,109,"609","614","69.26","224.69"
"286","ID01","ID01_Session03","Left mouse button pressed",1528392,110,"19","56","937.14","1302.04"
"287","ID01","ID01_Session03","Left mouse button pressed",1534174,78,"629","484","745.17","879.87"
"288","ID01","ID01_Session03","Left mouse button pressed",1610469,109,"15","64","812.97","1528.80"
"289","ID01","ID01_Session03","Left mouse button pressed",1613235,93,"910","641","1064.87","1329.14"
"290","ID01","ID01_Session03","Left mouse button pressed",1614094,62,"928","694","55.97","62.16"
"291","ID01","ID01_Session03","Left mouse button pressed",1615672,94,"1224","638","301.25","486.25"
"292","ID01","ID01_Session03","Left mouse button pressed",1624969,62,"1025","732","140.94","946.15"
"293","ID01","ID01_Session03","Left mouse button pressed",1647843,110,"417","589","177.37","187.69"
"294","ID01","ID01_Session03","Left mouse button pressed",1684733,78,"487","124","665.99","974.11"
"295","ID01","ID01_Session03","Left mouse button pressed",1692514,125,"66","635","662.09","2091.56"
"296","ID01","ID01_Session03","Left mouse button pressed",1701389,735,"188","750","163.22","791.19"
"297","ID01","ID01_Session03","Left mouse button pressed",1702327,46,"469","765","8.06","9.83"
"298","ID01","ID01_Session03","Left mouse button pressed",1728154,78,"12","59","841.00","1309.68"
"299","ID01","ID01_Session04","Left mouse button pressed",0,156,"1151","16","1151.11","4711.91"
"300","ID01","ID01_Session04","Left mouse button pressed",1125,109,"1211","441","429.21","539.32"
"301","ID01","ID01_Session04","Left mouse button pressed",7248,141,"112","663","941.17","3396.33"
"302","ID01","ID01_Session04","Left mouse button pressed",18792,172,"497","719","390.24","467.82"
"303","ID01","ID01_Session04","Left mouse button pressed",55220,203,"421","559","301.53","2214.92"
"304","ID01","ID01_Session04","Left mouse button pressed",64389,641,"386","512","56.22","85.46"
"305","ID01","ID01_Session04","Left mouse button pressed",65217,125,"496","542","31.89","34.26"
"306","ID01","ID01_Session04","Left mouse button pressed",70481,485,"413","587","94.41","272.06"
"307","ID01","ID01_Session04","Left mouse button pressed",71387,156,"428","590","4.00","4.00"
"308","ID01","ID01_Session04","Left mouse button pressed",103957,749,"451","487","41.73","44.22"
"309","ID01","ID01_Session04","Left mouse button pressed",104863,140,"535","497","18.03","18.88"
"310","ID01","ID01_Session04","Left mouse button pressed",186956,1109,"430","406","239.17","904.99"
"311","ID01","ID01_Session04","Left mouse button pressed",188237,125,"785","409","25.00","25.00"
"312","ID01","ID01_Session04","Left mouse button pressed",228936,125,"609","513","147.87","891.00"
"313","ID01","ID01_Session04","Left mouse button pressed",329050,125,"246","591","353.35","390.91"
"314","ID01","ID01_Session04","Left mouse button pressed",369249,172,"28","55","578.64","2016.20"
"315","ID01","ID01_Session04","Left mouse button pressed",373718,172,"11","420","365.40","995.50"
"316","ID01","ID01_Session04","Left mouse button pressed",384654,156,"506","488","496.81","695.92"
"317","ID01","ID01_Session04","Left mouse button pressed",395341,156,"577","493","71.18","71.53"
"318","ID01","ID01_Session04","Left mouse button pressed",483911,172,"424","433","288.29","1772.40"
"319","ID01","ID01_Session04","Left mouse button pressed",571017,172,"452","748","318.15","749.23"
"320","ID01","ID01_Session04","Left mouse button pressed",579235,110,"20","67","815.67","939.14"
"321","ID01","ID01_Session04","Left mouse button pressed",581719,110,"43","421","354.75","1228.16"
"322","ID01","ID01_Session04","Left mouse button pressed",600453,109,"694","595","673.85","744.58"
"323","ID01","ID01_Session04","Left mouse button pressed",606859,125,"485","117","482.19","585.99"
"324","ID01","ID01_Session04","Left mouse button pressed",609046,141,"86","514","562.86","694.68"
"325","ID01","ID01_Session04","Left mouse button pressed",612984,125,"1010","640","822.23","955.18"
"326","ID01","ID01_Session04","Left mouse button pressed",613718,125,"937","685","85.76","90.96"
"327","ID01","ID01_Session04","Left mouse button pressed",614156,109,"937","673","10.05","11.00"
"328","ID01","ID01_Session04","Left mouse button pressed",621233,157,"83","641","854.60","1178.47"
"329","ID01","ID01_Session04","Left mouse button pressed",645404,125,"331","687","252.23","1054.68"
"330","ID01","ID01_Session04","Left mouse button pressed",698261,141,"507","687","176.00","889.67"
"331","ID01","ID01_Session04","Left mouse button pressed",805851,157,"16","54","744.20","1121.09"
"332","ID01","ID01_Session04","Left mouse button pressed",819226,125,"639","444","735.00","1431.24"
"333","ID01","ID01_Session04","Left mouse button pressed",1290829,94,"23","61","453.48","545.59"
"334","ID01","ID01_Session04","Left mouse button pressed",1293751,172,"976","319","987.31","1466.28"
"335","ID01","ID01_Session04","Left mouse button pressed",1314688,141,"834","747","490.10","570.08"
"336","ID01","ID01_Session04","Left mouse button pressed",1325141,844,"474","577","47.54","61.24"
"337","ID01","ID01_Session04","Left mouse button pressed",1326266,156,"647","585","23.77","24.95"
"338","ID01","ID01_Session04","Left mouse button pressed",1476280,125,"32","54","817.79","1608.19"
"339","ID01","ID01_Session04","Left mouse button pressed",1481936,156,"1009","569","1104.42","2880.35"
"340","ID01","ID01_Session04","Left mouse button pressed",1484264,172,"1102","576","93.26","790.70"
"341","ID01","ID01_Session04","Left mouse button pressed",1494842,141,"838","433","296.06","358.64"
"342","ID01","ID01_Session04","Left mouse button pressed",1501327,734,"461","313","395.64","630.83"
"343","ID01","ID01_Session04","Left mouse button pressed",1502202,93,"711","312","10.82","11.67"
"344","ID01","ID01_Session04","Left mouse button pressed",1666404,765,"630","328","158.47","202.88"
"345","ID01","ID01_Session04","Left mouse button pressed",1667357,156,"720","333","1.00","1.00"
"346","ID01","ID01_Session04","Left mouse button pressed",1668325,719,"518","346","202.42","206.53"
"347","ID01","ID01_Session04","Left mouse button pressed",1669232,140,"657","356","41.30","41.63"
"348","ID01","ID01_Session04","Left mouse button pressed",1670044,156,"726","357","69.01","69.16"
"349","ID01","ID01_Session04","Left mouse button pressed",1671169,563,"568","373","158.81","194.32"
"350","ID01","ID01_Session04","Left mouse button pressed",1671888,125,"653","383","13.60","14.89"
"351","ID01","ID01_Session04","Left mouse button pressed",1673325,1407,"495","353","160.82","173.75"
"352","ID01","ID01_Session04","Left mouse button pressed",1674888,141,"774","358","0.00","0.00"
"353","ID01","ID01_Session04","Left mouse button pressed",1744497,94,"513","382","203.80","215.17"
"354","ID01","ID01_Session04","Left mouse button pressed",1792747,125,"14","55","713.08","876.76"
"355","ID01","ID01_Session04","Left mouse button pressed",1803950,140,"350","449","396.56","407.17"
"356","ID01","ID01_Session04","Left mouse button pressed",1819809,125,"16","60","556.40","653.08"
"357","ID01","ID01_Session05","Left mouse button pressed",0,1266,"1475","26","1622.64","2232.47"
"358","ID01","ID01_Session05","Left mouse button pressed",3594,2203,"1468","20","23.02","854.56"
"359","ID01","ID01_Session05","Left mouse button pressed",35813,328,"1062","14","819.02","1501.27"
"360","ID01","ID01_Session05","Left mouse button pressed",36204,140,"1060","9","0.00","0.00"
"361","ID01","ID01_Session05","Left mouse button pressed",38219,141,"1202","5","142.06","178.02"
"362","ID01","ID01_Session05","Left mouse button pressed",39938,156,"78","486","1222.59","1496.12"
"363","ID01","ID01_Session05","Left mouse button pressed",45720,109,"477","709","456.72","601.79"
"364","ID01","ID01_Session05","Left mouse button pressed",52938,203,"116","598","360.91","397.24"
"365","ID01","ID01_Session05","Left mouse button pressed",65829,156,"29","54","443.89","588.65"
"366","ID01","ID01_Session05","Left mouse button pressed",100110,141,"328","607","628.66","1179.37"
"367","ID01","ID01_Session05","Left mouse button pressed",120533,125,"592","475","295.16","395.63"
"368","ID01","ID01_Session05","Left mouse button pressed",131423,110,"694","345","155.43","815.62"
"369","ID01","ID01_Session05","Left mouse button pressed",147017,891,"273","517","454.40","612.14"
"370","ID01","ID01_Session05","Left mouse button pressed",148267,234,"430","530","12.08","16.00"
"371","ID01","ID01_Session05","Left mouse button pressed",157626,1157,"539","342","217.31","410.29"
"372","ID01","ID01_Session05","Left mouse button pressed",158908,93,"754","441","4.00","4.00"
"373","ID01","ID01_Session05","Left mouse button pressed",170564,594,"583","421","154.12","182.63"
"374","ID01","ID01_Session05","Left mouse button pressed",171283,94,"728","430","6.40","7.65"
"375","ID01","ID01_Session05","Left mouse button pressed",185314,110,"522","385","108.78","1157.49"
"376","ID01","ID01_Session05","Left mouse button pressed",185486,0,"523","385","0.00","0.00"
"377","ID01","ID01_Session05","Left mouse button pressed",186111,63,"542","397","22.47","24.32"
"378","ID01","ID01_Session05","Left mouse button pressed",307393,203,"606","595","235.00","897.51"
"379","ID01","ID01_Session05","Left mouse button pressed",308596,125,"638","605","35.44","52.05"
"380","ID01","ID01_Session05","Left mouse button pressed",436253,157,"22","60","690.60","742.33"
"381","ID01","ID01_Session05","Left mouse button pressed",440613,125,"498","655","761.97","959.78"
"382","ID01","ID01_Session05","Left mouse button pressed",487675,188,"19","56","749.99","807.51"
"383","ID01","ID01_Session05","Left mouse button pressed",496301,140,"46","457","401.91","460.70"
"384","ID01","ID01_Session05","Left mouse button pressed",507769,125,"1010","519","669.16","1004.90"
"385","ID01","ID01_Session05","Left mouse button pressed",508379,109,"939","554","79.16","84.65"
"386","ID01","ID01_Session05","Left mouse button pressed",510004,109,"921","553","13.15","84.12"
"387","ID01","ID01_Session05","Left mouse button pressed",524629,156,"744","632","240.87","297.95"
"388","ID01","ID01_Session05","Left mouse button pressed",527457,1141,"326","366","495.46","571.61"
"389","ID01","ID01_Session05","Left mouse button pressed",529988,156,"191","372","219.08","236.75"
"390","ID01","ID01_Session05","Left mouse button pressed",531238,110,"572","545","418.44","483.84"
"391","ID01","ID01_Session05","Left mouse button pressed",560410,125,"22","65","733.96","942.08"
"392","ID01","ID01_Session05","Left mouse button pressed",567520,93,"66","428","365.66","460.65"
"393","ID01","ID01_Session05","Left mouse button pressed",578176,109,"253","703","341.60","1628.90"
"394","ID01","ID01_Session05","Left mouse button pressed",609848,141,"71","519","258.80","1215.07"
"395","ID01","ID01_Session05","Left mouse button pressed",630520,172,"84","348","139.06","232.14"
"396","ID01","ID01_Session05","Left mouse button pressed",646426,110,"586","468","515.10","689.91"
"397","ID01","ID01_Session05","Left mouse button pressed",681349,78,"612","477","116.11","573.29"
"398","ID01","ID01_Session05","Left mouse button pressed",683380,359,"365","364","264.92","467.16"
"399","ID01","ID01_Session05","Left mouse button pressed",683864,110,"438","372","3.61","3.83"
"400","ID01","ID01_Session05","Left mouse button pressed",692177,156,"494","437","85.80","173.58"
"401","ID01","ID01_Session05","Left mouse button pressed",853959,109,"26","73","592.89","944.02"
"402","ID01","ID01_Session05","Left mouse button pressed",882272,109,"294","597","215.41","409.68"
"403","ID01","ID01_Session05","Left mouse button pressed",1090164,140,"491","582","247.13","1023.20"
"404","ID01","ID01_Session05","Left mouse button pressed",1110542,140,"15","62","695.59","889.13"
"405","ID01","ID01_Session05","Left mouse button pressed",1118668,187,"94","267","219.34","347.15"
"406","ID01","ID01_Session05","Left mouse button pressed",1170112,141,"819","680","392.59","1133.94"
"407","ID01","ID01_Session05","Left mouse button pressed",1177519,125,"243","679","576.00","1117.66"
"408","ID01","ID01_Session05","Left mouse button pressed",1182411,203,"193","671","50.49","367.72"
"409","ID01","ID01_Session05","Left mouse button pressed",1184005,1281,"194","633","38.00","122.00"
"410","ID01","ID01_Session05","Left mouse button pressed",1185442,94,"410","653","19.65","21.71"
"411","ID01","ID01_Session05","Left mouse button pressed",1186989,47,"398","636","20.81","27.83"
"412","ID01","ID01_Session05","Left mouse button pressed",1190912,109,"324","513","143.54","320.10"
"413","ID01","ID01_Session05","Left mouse button pressed",1191099,0,"324","513","0.00","0.00"
"414","ID01","ID01_Session05","Left mouse button pressed",1204898,547,"620","518","294.04","589.76"
"415","ID01","ID01_Session05","Left mouse button pressed",1205617,125,"724","541","10.30","12.83"
"416","ID01","ID01_Session05","Left mouse button pressed",1213305,141,"664","658","131.49","963.94"
"417","ID01","ID01_Session05","Left mouse button pressed",1217228,4078,"472","344","309.92","576.76"
"418","ID01","ID01_Session05","Left mouse button pressed",1226385,125,"718","454","108.58","354.07"
"419","ID01","ID01_Session05","Left mouse button pressed",1240278,2750,"359","494","361.22","376.40"
"420","ID01","ID01_Session05","Left mouse button pressed",1244856,141,"430","503","96.75","126.87"
"421","ID01","ID01_Session05","Left mouse button pressed",1245685,125,"480","497","50.36","66.06"
"422","ID01","ID01_Session05","Left mouse button pressed",1246028,110,"503","497","23.00","23.00"
"423","ID01","ID01_Session05","Left mouse button pressed",1246232,93,"506","497","3.00","3.00"
"424","ID01","ID01_Session05","Left mouse button pressed",1246779,109,"525","494","19.24","21.41"
"425","ID01","ID01_Session05","Left mouse button pressed",1267703,110,"19","58","628.68","730.48"
"426","ID01","ID01_Session05","Left mouse button pressed",1318768,157,"292","538","71.11","1447.77"
"427","ID01","ID01_Session05","Left mouse button pressed",1325362,157,"24","62","546.26","1320.72"
"428","ID01","ID01_Session05","Left mouse button pressed",1341488,110,"758","717","182.89","208.14"
"429","ID01","ID01_Session05","Left mouse button pressed",1348989,140,"917","639","177.10","405.11"
"430","ID01","ID01_Session05","Left mouse button pressed",1350973,141,"341","733","583.62","871.46"
"431","ID01","ID01_Session05","Left mouse button pressed",1351786,140,"230","746","111.76","113.99"
"432","ID01","ID01_Session05","Left mouse button pressed",1355911,141,"20","45","737.96","953.10"
"433","ID01","ID01_Session05","Left mouse button pressed",1359630,140,"760","591","919.63","1124.80"
"434","ID01","ID01_Session05","Left mouse button pressed",1375318,141,"25","64","616.48","695.94"
"435","ID01","ID01_Session05","Left mouse button pressed",1404992,140,"227","708","469.24","1759.63"
"436","ID01","ID01_Session05","Left mouse button pressed",1412054,141,"164","651","84.96","160.58"
"437","ID01","ID01_Session05","Left mouse button pressed",1412758,125,"67","650","97.01","98.48"
"438","ID01","ID01_Session05","Left mouse button pressed",1417211,156,"14","68","568.66","671.43"
"439","ID01","ID01_Session05","Left mouse button pressed",1428243,109,"445","704","269.01","1493.56"
"440","ID01","ID01_Session05","Left mouse button pressed",1674284,109,"30","59","647.76","1094.81"
"441","ID01","ID01_Session05","Left mouse button pressed",1696706,125,"577","557","276.22","868.21"
"442","ID01","ID01_Session05","Left mouse button pressed",1774380,156,"25","69","841.06","995.46"
"443","ID01","ID01_Session06","Left mouse button pressed",0,78,"1227","23","951.59","3018.79"
"444","ID01","ID01_Session06","Left mouse button pressed",1016,47,"1232","386","363.03","414.21"
"445","ID01","ID01_Session06","Left mouse button pressed",15094,125,"738","620","482.27","761.00"
"446","ID01","ID01_Session06","Left mouse button pressed",44798,140,"254","826","526.02","1856.73"
"447","ID01","ID01_Session06","Left mouse button pressed",55001,109,"302","825","48.01","308.77"
"448","ID01","ID01_Session06","Left mouse button pressed",63736,109,"347","829","45.18","1021.44"
"449","ID01","ID01_Session06","Left mouse button pressed",74048,78,"373","830","26.02","99.55"
"450","ID01","ID01_Session06","Left mouse button pressed",91048,125,"431","831","58.01","179.84"
"451","ID01","ID01_Session06","Left mouse button pressed",105423,110,"459","827","28.28","38.06"
"452","ID01","ID01_Session06","Left mouse button pressed",151221,109,"500","821","41.44","87.06"
"453","ID01","ID01_Session06","Left mouse button pressed",172971,78,"546","825","46.17","463.28"
"454","ID01","ID01_Session06","Left mouse button pressed",181549,109,"579","831","33.54","61.17"
"455","ID01","ID01_Session06","Left mouse button pressed",189486,125,"620","830","41.01","43.41"
"456","ID01","ID01_Session06","Left mouse button pressed",194299,47,"665","827","45.10","65.16"
"457","ID01","ID01_Session06","Left mouse button pressed",204455,94,"703","825","38.05","230.67"
"458","ID01","ID01_Session06","Left mouse button pressed",208752,141,"72","646","655.90","693.66"
"459","ID01","ID01_Session06","Left mouse button pressed",267846,141,"15","56","597.44","996.96"
"460","ID01","ID01_Session06","Left mouse button pressed",270674,141,"75","557","504.58","796.17"
"461","ID01","ID01_Session06","Left mouse button pressed",316394,93,"1005","667","911.68","1407.16"
"462","ID01","ID01_Session06","Left mouse button pressed",318987,47,"1098","642","96.30","2032.30"
"463","ID01","ID01_Session06","Left mouse button pressed",329394,125,"551","747","501.86","994.06"
"464","ID01","ID01_Session06","Left mouse button pressed",575458,172,"287","793","459.29","2004.88"
"465","ID01","ID01_Session06","Left mouse button pressed",631146,156,"385","676","152.62","1168.26"
"466","ID01","ID01_Session06","Left mouse button pressed",697380,172,"264","581","44.05","89.26"
"467","ID01","ID01_Session06","Left mouse button pressed",723287,125,"299","696","120.21","510.49"
"468","ID01","ID01_Session06","Left mouse button pressed",813553,141,"369","702","62.59","389.95"
"469","ID01","ID01_Session06","Left mouse button pressed",1109352,125,"684","754","167.72","200.07"
"470","ID01","ID01_Session06","Left mouse button pressed",1178790,140,"714","616","576.26","3387.11"
"471","ID01","ID01_Session06","Left mouse button pressed",1296384,141,"19","55","1038.98","6927.17"
"472","ID01","ID01_Session06","Left mouse button pressed",1299447,125,"1178","494","1239.36","2672.06"
"473","ID01","ID01_Session06","Left mouse button pressed",1346931,110,"304","685","229.43","1554.15"
"474","ID01","ID01_Session06","Left mouse button pressed",1495370,125,"569","732","402.49","517.34"
"475","ID01","ID01_Session06","Left mouse button pressed",1499292,1109,"361","725","208.12","228.10"
"476","ID01","ID01_Session06","Left mouse button pressed",1501057,125,"600","731","6.32","8.00"
"477","ID01","ID01_Session06","Left mouse button pressed",1504120,609,"466","733","134.01","145.55"
"478","ID01","ID01_Session06","Left mouse button pressed",1504964,62,"667","740","97.33","97.83"
"479","ID01","ID01_Session06","Left mouse button pressed",1505854,438,"551","736","116.07","124.67"
"480","ID01","ID01_Session06","Left mouse button pressed",1506495,94,"716","751","43.97","45.48"
"481","ID01","ID01_Session06","Left mouse button pressed",1508104,485,"709","734","18.38","45.41"
"482","ID01","ID01_Session06","Left mouse button pressed",1509011,62,"726","740","37.00","37.83"
"483","ID01","ID01_Session06","Left mouse button pressed",1567464,94,"25","64","538.54","626.16"
"484","ID01","ID01_Session06","Left mouse button pressed",1573152,109,"337","699","707.51","1829.29"
"485","ID01","ID01_Session06","Left mouse button pressed",1577136,875,"396","346","357.90","742.13"
"486","ID01","ID01_Session06","Left mouse button pressed",1578308,140,"655","363","13.04","15.48"
"487","ID01","ID01_Session06","Left mouse button pressed",1646605,63,"780","746","187.72","194.42"
"488","ID01","ID01_Session06","Left mouse button pressed",1681058,1032,"395","725","95.27","182.26"
"489","ID01","ID01_Session06","Left mouse button pressed",1682480,110,"701","730","14.21","17.12"
"490","ID01","ID01_Session06","Left mouse button pressed",1683996,938,"345","742","356.20","374.63"
"491","ID01","ID01_Session06","Left mouse button pressed",1685137,93,"615","757","17.09","17.95"
"492","ID01","ID01_Session06","Left mouse button pressed",1685949,500,"556","732","64.08","71.73"
"493","ID01","ID01_Session06","Left mouse button pressed",1686637,62,"690","755","21.21","23.61"
"494","ID01","ID01_Session06","Left mouse button pressed",1688777,625,"403","648","308.99","331.88"
"495","ID01","ID01_Session06","Left mouse button pressed",1689637,78,"663","655","46.39","46.87"
"496","ID01","ID01_Session06","Left mouse button pressed",1692699,485,"565","632","100.66","292.21"
"497","ID01","ID01_Session06","Left mouse button pressed",1693340,94,"637","651","19.00","19.00"
"498","ID01","ID01_Session06","Left mouse button pressed",1755606,109,"16","58","671.84","1384.53"
"499","ID01","ID01_Session06","Left mouse button pressed",1760825,172,"43","501","443.82","1022.65"
"500","ID01","ID01_Session07","Left mouse button pressed",0,109,"1001","22","966.05","3741.00"
"501","ID01","ID01_Session07","Left mouse button pressed",6797,109,"1164","454","461.73","508.78"
"502","ID01","ID01_Session07","Left mouse button pressed",28500,156,"622","660","580.33","1120.60"
"503","ID01","ID01_Session07","Left mouse button pressed",33406,109,"491","124","213.74","255.17"
"504","ID01","ID01_Session07","Left mouse button pressed",55875,94,"282","453","389.77","973.06"
"505","ID01","ID01_Session07","Left mouse button pressed",86094,125,"77","697","426.43","445.74"
"506","ID01","ID01_Session07","Left mouse button pressed",98797,109,"26","60","632.99","913.36"
"507","ID01","ID01_Session07","Left mouse button pressed",103797,62,"741","660","97.45","121.35"
"508","ID01","ID01_Session07","Left mouse button pressed",130609,141,"19","60","872.08","973.99"
"509","ID01","ID01_Session07","Left mouse button pressed",137219,109,"335","545","578.86","627.61"
"510","ID01","ID01_Session07","Left mouse button pressed",270422,93,"17","69","415.23","3017.27"
"511","ID01","ID01_Session07","Left mouse button pressed",284937,141,"823","677","172.57","254.98"
"512","ID01","ID01_Session07","Left mouse button pressed",291265,94,"18","57","867.10","1040.72"
"513","ID01","ID01_Session07","Left mouse button pressed",343406,78,"1183","662","647.82","1134.55"
"514","ID01","ID01_Session07","Left mouse button pressed",347953,78,"1022","914","330.95","360.53"
"515","ID01","ID01_Session07","Left mouse button pressed",355015,110,"714","568","421.90","484.85"
"516","ID01","ID01_Session07","Left mouse button pressed",430453,109,"713","826","113.99","328.73"
"517","ID01","ID01_Session07","Left mouse button pressed",483969,125,"21","61","1164.28","1297.21"
"518","ID01","ID01_Session07","Left mouse button pressed",499047,109,"65","451","392.47","2241.36"
"519","ID01","ID01_Session07","Left mouse button pressed",510703,141,"778","687","740.62","1270.81"
"520","ID01","ID01_Session07","Left mouse button pressed",586359,94,"5","561","783.20","1382.18"
"521","ID01","ID01_Session07","Left mouse button pressed",594344,140,"19","63","590.26","736.54"
"522","ID01","ID01_Session07","Left mouse button pressed",608719,187,"97","575","517.91","1692.31"
"523","ID01","ID01_Session07","Left mouse button pressed",657469,109,"446","660","452.77","487.15"
"524","ID01","ID01_Session07","Left mouse button pressed",663594,109,"185","665","261.05","523.66"
"525","ID01","ID01_Session07","Left mouse button pressed",664328,141,"102","630","90.08","94.41"
"526","ID01","ID01_Session07","Left mouse button pressed",666515,110,"19","52","566.01","664.51"
"527","ID01","ID01_Session07","Left mouse button pressed",696890,125,"337","462","249.90","407.22"
"528","ID01","ID01_Session07","Left mouse button pressed",750062,94,"300","490","291.80","354.62"
"529","ID01","ID01_Session07","Left mouse button pressed",856890,125,"66","642","735.03","1582.37"
"530","ID01","ID01_Session07","Left mouse button pressed",933172,125,"54","519","613.06","801.79"
"531","ID01","ID01_Session07","Left mouse button pressed",967422,109,"786","572","711.29","3166.75"
"532","ID01","ID01_Session07","Left mouse button pressed",970328,78,"513","664","288.09","463.04"
"533","ID01","ID01_Session07","Left mouse button pressed",971875,125,"22","730","495.42","555.85"
"534","ID01","ID01_Session07","Left mouse button pressed",1138328,141,"72","737","329.87","3747.83"
"535","ID01","ID01_Session07","Left mouse button pressed",1175922,172,"27","61","650.99","901.21"
"536","ID01","ID01_Session07","Left mouse button pressed",1186359,110,"679","323","51.24","319.39"
"537","ID01","ID01_Session07","Left mouse button pressed",1195844,109,"573","331","106.30","1080.31"
"538","ID01","ID01_Session07","Left mouse button pressed",1214562,125,"816","741","476.60","1260.49"
"539","ID01","ID01_Session07","Left mouse button pressed",1216000,94,"839","798","61.47","157.32"
"540","ID01","ID01_Session07","Left mouse button pressed",1223734,203,"1198","753","361.81","520.96"
"541","ID01","ID01_Session07","Left mouse button pressed",1242734,156,"457","257","376.05","1260.09"
"542","ID01","ID01_Session07","Left mouse button pressed",1246484,78,"774","335","326.46","483.21"
"543","ID01","ID01_Session07","Left mouse button pressed",1263515,141,"185","269","715.04","1081.35"
"544","ID01","ID01_Session07","Left mouse button pressed",1283250,78,"628","763","663.54","1383.57"
"545","ID01","ID01_Session07","Left mouse button pressed",1287187,94,"801","530","290.20","1020.49"
"546","ID01","ID01_Session07","Left mouse button pressed",1295000,109,"783","547","24.76","63.49"
"547","ID01","ID01_Session07","Left mouse button pressed",1301312,125,"783","547","0.00","0.00"
"548","ID01","ID01_Session07","Left mouse button pressed",1310734,110,"788","520","27.46","29.66"
"549","ID01","ID01_Session07","Left mouse button pressed",1320422,125,"789","520","0.00","0.00"
"550","ID01","ID01_Session07","Left mouse button pressed",1327390,157,"789","520","0.00","0.00"
"551","ID01","ID01_Session07","Left mouse button pressed",1330484,188,"789","520","0.00","0.00"
"552","ID01","ID01_Session07","Left mouse button pressed",1339953,109,"795","563","237.12","360.17"
"553","ID01","ID01_Session07","Left mouse button pressed",1346625,140,"798","509","105.48","113.04"
"554","ID01","ID01_Session07","Left mouse button pressed",1352422,140,"798","509","0.00","0.00"
"555","ID01","ID01_Session07","Left mouse button pressed",1360062,125,"798","509","0.00","0.00"
"556","ID01","ID01_Session07","Left mouse button pressed",1366000,156,"798","509","0.00","0.00"
"557","ID01","ID01_Session07","Left mouse button pressed",1371359,172,"576","493","222.58","246.74"
"558","ID01","ID01_Session07","Left mouse button pressed",1377734,125,"783","454","565.89","685.82"
"559","ID01","ID01_Session07","Left mouse button pressed",1381484,94,"162","425","621.68","740.13"
"560","ID01","ID01_Session07","Left mouse button pressed",1388890,141,"787","475","627.00","1148.94"
"561","ID01","ID01_Session07","Left mouse button pressed",1392187,110,"781","468","9.22","13.00"
"562","ID01","ID01_Session07","Left mouse button pressed",1397062,125,"777","461","8.06","18.41"
"563","ID01","ID01_Session07","Left mouse button pressed",1399515,141,"777","461","0.00","0.00"
"564","ID01","ID01_Session07","Left mouse button pressed",1402844,140,"777","461","0.00","0.00"
"565","ID01","ID01_Session07","Left mouse button pressed",1405078,141,"777","461","0.00","0.00"
"566","ID01","ID01_Session07","Left mouse button pressed",1407156,109,"788","461","11.00","11.00"
"567","ID01","ID01_Session07","Left mouse button pressed",1409797,172,"789","462","1.00","1.00"
"568","ID01","ID01_Session07","Left mouse button pressed",1415187,110,"476","215","398.72","1213.61"
"569","ID01","ID01_Session07","Left mouse button pressed",1436078,94,"482","121","327.88","421.21"
"570","ID01","ID01_Session07","Left mouse button pressed",1440437,110,"91","603","620.65","3870.70"
"571","ID01","ID01_Session07","Left mouse button pressed",1447094,109,"92","551","106.78","1508.90"
"572","ID01","ID01_Session07","Left mouse button pressed",1465609,125,"7","544","94.01","159.54"
"573","ID01","ID01_Session07","Left mouse button pressed",1467547,93,"607","569","83.17","87.78"
"574","ID01","ID01_Session07","Left mouse button pressed",1470687,78,"29","55","773.49","978.82"
"575","ID01","ID01_Session07","Left mouse button pressed",1473203,94,"720","576","865.40","1091.40"
"576","ID01","ID01_Session07","Left mouse button pressed",1473906,63,"719","601","25.02","27.41"
"577","ID01","ID01_Session07","Left mouse button pressed",1474469,62,"718","569","32.02","32.24"
"578","ID01","ID01_Session07","Left mouse button pressed",1478594,93,"242","828","541.90","1399.39"
"579","ID01","ID01_Session07","Left mouse button pressed",1496109,94,"281","828","39.00","1901.17"
"580","ID01","ID01_Session07","Left mouse button pressed",1528984,125,"319","830","38.05","368.18"
"581","ID01","ID01_Session07","Left mouse button pressed",1558344,109,"355","837","36.67","880.40"
"582","ID01","ID01_Session07","Left mouse button pressed",1579312,172,"649","660","343.17","434.45"
"583","ID01","ID01_Session07","Left mouse button pressed",1597890,125,"404","822","293.72","427.12"
"584","ID01","ID01_Session07","Left mouse button pressed",1609703,125,"438","821","33.02","615.15"
"585","ID01","ID01_Session07","Left mouse button pressed",1613062,125,"482","823","44.05","63.94"
"586","ID01","ID01_Session07","Left mouse button pressed",1651265,172,"514","831","32.98","35.11"
"587","ID01","ID01_Session07","Left mouse button pressed",1660812,125,"559","832","45.01","45.16"
"588","ID01","ID01_Session07","Left mouse button pressed",1663219,109,"42","780","519.61","527.30"
"589","ID01","ID01_Session07","Left mouse button pressed",1666625,62,"22","58","712.31","1483.30"
"590","ID01","ID01_Session07","Left mouse button pressed",1670703,78,"14","556","498.06","1582.39"
"591","ID01","ID01_Session07","Left mouse button pressed",1704937,110,"741","652","685.09","1734.49"
"592","ID01","ID01_Session07","Left mouse button pressed",1716984,63,"304","827","241.60","497.74"
"593","ID01","ID01_Session07","Left mouse button pressed",1726172,109,"714","817","368.15","574.97"
"594","ID01","ID01_Session07","Left mouse button pressed",1743640,125,"746","758","39.82","254.55"
"595","ID01","ID01_Session07","Left mouse button pressed",1744109,110,"749","758","3.00","3.00"
"596","ID01","ID01_Session07","Left mouse button pressed",1745469,62,"171","278","639.24","737.53"
"597","ID01","ID01_Session07","Left mouse button pressed",1748594,93,"196","163","117.69","196.53"
"598","ID01","ID01_Session07","Left mouse button pressed",1756890,125,"23","53","329.95","565.61"
"599","ID01","ID01_Session07","Left mouse button pressed",1759312,94,"22","61","8.06","114.11"
"600","ID01","ID01_Session07","Left mouse button pressed",1761812,141,"23","61","1.00","1.00"
"601","ID01","ID01_Session07","Left mouse button pressed",1762781,94,"23","61","0.00","0.00"
"602","ID01","ID01_Session07","Left mouse button pressed",1777625,78,"284","744","452.12","2446.86"
"603","ID01","ID01_Session07","Left mouse button pressed",1784312,157,"79","802","213.05","541.06"
"604","ID01","ID01_Session07","Left mouse button pressed",1789765,110,"24","49","708.00","750.17"
"605","ID01","ID01_Session07","Left mouse button pressed",1810203,141,"1167","463","1215.67","1873.24"
"606","ID01","ID01_Session08","Left mouse button pressed",0,140,"25","496","496.63","3400.22"
"607","ID01","ID01_Session08","Left mouse button pressed",21984,94,"18","578","82.30","3289.59"
"608","ID01","ID01_Session08","Left mouse button pressed",26812,125,"752","179","838.17","1275.38"
"609","ID01","ID01_Session08","Left mouse button pressed",32875,109,"565","334","242.89","1993.95"
"610","ID01","ID01_Session08","Left mouse button pressed",48297,109,"270","531","246.01","378.37"
"611","ID01","ID01_Session08","Left mouse button pressed",53000,125,"21","64","669.94","797.35"
"612","ID01","ID01_Session08","Left mouse button pressed",70375,110,"168","245","488.73","1633.64"
"613","ID01","ID01_Session08","Left mouse button pressed",108610,125,"381","271","279.03","1654.76"
"614","ID01","ID01_Session08","Left mouse button pressed",121969,125,"495","642","388.12","3156.61"
"615","ID01","ID01_Session08","Left mouse button pressed",134563,578,"552","551","107.38","449.43"
"616","ID01","ID01_Session08","Left mouse button pressed",135313,125,"663","608","41.23","41.96"
"617","ID01","ID01_Session08","Left mouse button pressed",184673,94,"925","723","68.01","99.94"
"618","ID01","ID01_Session08","Left mouse button pressed",224923,203,"626","657","306.20","1196.66"
"619","ID01","ID01_Session08","Left mouse button pressed",296142,110,"859","412","120.51","687.05"
"620","ID01","ID01_Session08","Left mouse button pressed",356393,1625,"453","631","297.93","793.38"
"621","ID01","ID01_Session08","Left mouse button pressed",358799,141,"487","662","41.77","47.16"
"622","ID01","ID01_Session08","Left mouse button pressed",392877,94,"383","239","485.42","806.01"
"623","ID01","ID01_Session08","Left mouse button pressed",414362,140,"887","751","718.44","1957.70"
"624","ID01","ID01_Session08","Left mouse button pressed",420815,109,"486","694","405.03","673.57"
"625","ID01","ID01_Session08","Left mouse button pressed",425549,672,"285","504","276.59","654.23"
"626","ID01","ID01_Session08","Left mouse button pressed",426471,125,"439","541","22.14","24.18"
"627","ID01","ID01_Session08","Left mouse button pressed",429534,109,"405","632","418.17","598.71"
"628","ID01","ID01_Session08","Left mouse button pressed",474097,109,"31","57","730.76","993.26"
"629","ID01","ID01_Session08","Left mouse button pressed",488269,109,"510","713","134.13","195.02"
"630","ID01","ID01_Session08","Left mouse button pressed",520847,156,"183","330","529.08","969.66"
"631","ID01","ID01_Session08","Left mouse button pressed",521503,94,"342","343","151.48","176.69"
"632","ID01","ID01_Session08","Left mouse button pressed",528331,78,"25","68","419.66","1325.57"
"633","ID01","ID01_Session08","Left mouse button pressed",559894,109,"636","768","23.77","24.50"
"634","ID01","ID01_Session08","Left mouse button pressed",562050,641,"290","295","586.04","699.29"
"635","ID01","ID01_Session08","Left mouse button pressed",563222,94,"739","321","78.23","132.38"
"636","ID01","ID01_Session08","Left mouse button pressed",572957,109,"632","589","288.57","642.00"
"637","ID01","ID01_Session08","Left mouse button pressed",573144,0,"632","589","0.00","0.00"
"638","ID01","ID01_Session08","Left mouse button pressed",576785,625,"583","604","51.24","344.05"
"639","ID01","ID01_Session08","Left mouse button pressed",600254,1265,"587","553","94.58","466.89"
"640","ID01","ID01_Session08","Left mouse button pressed",616707,125,"26","52","872.06","911.08"
"641","ID01","ID01_Session08","Left mouse button pressed",627785,94,"993","692","875.89","1853.89"
"642","ID01","ID01_Session08","Left mouse button pressed",650410,110,"15","59","709.20","1023.82"
"643","ID01","ID01_Session08","Left mouse button pressed",659238,94,"562","673","47.54","122.30"
"644","ID01","ID01_Session08","Left mouse button pressed",665442,93,"919","653","357.56","616.22"
"645","ID01","ID01_Session08","Left mouse button pressed",665942,93,"919","647","6.00","6.00"
"646","ID01","ID01_Session08","Left mouse button pressed",670410,141,"404","740","523.33","1205.84"
"647","ID01","ID01_Session08","Left mouse button pressed",672895,109,"451","740","47.00","47.00"
"648","ID01","ID01_Session08","Left mouse button pressed",679223,141,"469","737","18.25","21.00"
"649","ID01","ID01_Session08","Left mouse button pressed",681410,110,"510","733","41.19","141.70"
"650","ID01","ID01_Session08","Left mouse button pressed",683879,110,"541","738","31.40","89.00"
"651","ID01","ID01_Session08","Left mouse button pressed",685551,156,"569","738","28.00","29.41"
"652","ID01","ID01_Session08","Left mouse button pressed",692629,94,"603","743","34.37","637.36"
"653","ID01","ID01_Session08","Left mouse button pressed",694536,93,"638","737","35.51","41.84"
"654","ID01","ID01_Session08","Left mouse button pressed",698754,78,"674","734","36.12","582.95"
"655","ID01","ID01_Session08","Left mouse button pressed",711145,125,"25","51","542.05","671.27"
"656","ID01","ID01_Session08","Left mouse button pressed",722536,125,"491","787","312.00","316.59"
"657","ID01","ID01_Session08","Left mouse button pressed",743364,47,"842","241","555.06","646.51"
"658","ID01","ID01_Session08","Left mouse button pressed",757473,110,"607","404","286.00","802.89"
"659","ID01","ID01_Session08","Left mouse button pressed",1143413,110,"958","686","450.25","2060.83"
"660","ID01","ID01_Session08","Left mouse button pressed",1144195,93,"837","735","130.55","138.80"
"661","ID01","ID01_Session08","Left mouse button pressed",1148085,110,"710","717","128.27","306.66"
"662","ID01","ID01_Session08","Left mouse button pressed",1150835,172,"540","604","206.67","219.64"
"663","ID01","ID01_Session08","Left mouse button pressed",1171289,156,"276","421","235.73","382.97"
"664","ID01","ID01_Session08","Left mouse button pressed",1183429,141,"255","785","364.61","1953.44"
"665","ID01","ID01_Session08","Left mouse button pressed",1188586,78,"289","788","34.13","205.68"
"666","ID01","ID01_Session08","Left mouse button pressed",1190257,94,"338","788","49.00","100.17"
"667","ID01","ID01_Session08","Left mouse button pressed",1199351,110,"379","777","42.45","1197.38"
"668","ID01","ID01_Session08","Left mouse button pressed",1206008,93,"425","782","46.27","637.57"
"669","ID01","ID01_Session08","Left mouse button pressed",1209070,94,"468","771","44.38","79.02"
"670","ID01","ID01_Session08","Left mouse button pressed",1211226,125,"498","788","34.48","38.38"
"671","ID01","ID01_Session08","Left mouse button pressed",1214164,156,"551","781","53.46","73.00"
"672","ID01","ID01_Session08","Left mouse button pressed",1220726,141,"580","779","29.07","514.11"
"673","ID01","ID01_Session08","Left mouse button pressed",1223930,93,"629","774","49.25","184.87"
"674","ID01","ID01_Session08","Left mouse button pressed",1227695,141,"664","784","36.40","39.96"
"675","ID01","ID01_Session08","Left mouse button pressed",1232492,125,"702","777","38.64","98.29"
"676","ID01","ID01_Session08","Left mouse button pressed",1237023,110,"614","238","546.14","1641.92"
"677","ID01","ID01_Session08","Left mouse button pressed",1259664,156,"536","692","460.65","1609.38"
"678","ID01","ID01_Session08","Left mouse button pressed",1323868,125,"10","61","710.62","954.53"
"679","ID01","ID01_Session08","Left mouse button pressed",1342477,110,"24","490","569.53","760.28"
"680","ID01","ID01_Session08","Left mouse button pressed",1352571,125,"353","540","238.20","316.54"
"681","ID01","ID01_Session08","Left mouse button pressed",1353540,109,"810","543","457.01","487.57"
"682","ID01","ID01_Session08","Left mouse button pressed",1375259,156,"733","239","410.02","809.73"
"683","ID01","ID01_Session08","Left mouse button pressed",1395477,79,"736","491","644.00","984.88"
"684","ID01","ID01_Session08","Left mouse button pressed",1401321,94,"485","120","447.93","1879.49"
"685","ID01","ID01_Session08","Left mouse button pressed",1402681,125,"1187","300","724.71","757.48"
"686","ID01","ID01_Session08","Left mouse button pressed",1404618,78,"961","441","266.38","276.12"
"687","ID01","ID01_Session08","Left mouse button pressed",1427400,125,"27","65","590.55","1962.56"
"688","ID01","ID01_Session08","Left mouse button pressed",1439540,110,"420","238","570.14","1090.17"
"689","ID01","ID01_Session08","Left mouse button pressed",1449040,157,"323","515","293.49","1087.51"
"690","ID01","ID01_Session08","Left mouse button pressed",1520431,125,"14","64","581.21","704.60"
"691","ID01","ID01_Session08","Left mouse button pressed",1535588,62,"314","676","461.53","549.92"
"692","ID01","ID01_Session08","Left mouse button pressed",1553494,141,"232","776","234.83","2804.43"
"693","ID01","ID01_Session08","Left mouse button pressed",1555057,109,"241","772","9.85","49.96"
"694","ID01","ID01_Session08","Left mouse button pressed",1567479,718,"592","701","358.11","799.54"
"695","ID01","ID01_Session08","Left mouse button pressed",1568322,94,"671","701","0.00","0.00"
"696","ID01","ID01_Session08","Left mouse button pressed",1568494,0,"671","701","0.00","0.00"
"697","ID01","ID01_Session08","Left mouse button pressed",1568650,63,"671","701","0.00","0.00"
"698","ID01","ID01_Session08","Left mouse button pressed",1570025,110,"273","772","404.28","428.08"
"699","ID01","ID01_Session08","Left mouse button pressed",1581010,109,"321","773","48.01","2637.18"
"700","ID01","ID01_Session08","Left mouse button pressed",1590322,94,"353","778","32.39","713.94"
"701","ID01","ID01_Session08","Left mouse button pressed",1599401,109,"396","778","43.00","1539.45"
"702","ID01","ID01_Session08","Left mouse button pressed",1610307,172,"447","776","51.04","1018.73"
"703","ID01","ID01_Session08","Left mouse button pressed",1619385,110,"486","774","39.05","93.06"
"704","ID01","ID01_Session08","Left mouse button pressed",1627760,94,"27","58","801.24","1100.54"
"705","ID01","ID01_Session08","Left mouse button pressed",1654510,110,"336","233","117.14","758.84"
"706","ID01","ID01_Session08","Left mouse button pressed",1674292,94,"600","852","379.80","527.74"
"707","ID01","ID01_Session08","Left mouse button pressed",1690933,140,"151","425","495.60","517.53"
"708","ID01","ID01_Session08","Left mouse button pressed",1695292,125,"157","580","155.12","191.48"
"709","ID01","ID01_Session08","Left mouse button pressed",1698354,110,"156","232","699.05","717.71"
"710","ID01","ID01_Session08","Left mouse button pressed",1722526,94,"628","709","671.05","1654.99"
"711","ID01","ID01_Session08","Left mouse button pressed",1748511,141,"166","229","398.78","471.04"
"712","ID01","ID01_Session08","Left mouse button pressed",1761917,110,"776","948","942.90","1226.39"
"713","ID01","ID01_Session08","Left mouse button pressed",1788011,94,"486","123","684.27","1814.46"
"714","ID01","ID01_Session08","Left mouse button pressed",1801386,94,"1185","851","166.38","183.02"
"715","ID01","ID01_Session08","Left mouse button pressed",1802449,125,"1192","919","68.36","269.29"
"716","ID01","ID01_Session08","Left mouse button pressed",1804027,125,"1160","739","182.82","253.23"
"717","ID01","ID01_Session09","Left mouse button pressed",0,79,"65","457","461.60","3263.68"
"718","ID01","ID01_Session09","Left mouse button pressed",4688,125,"95","375","87.32","209.56"
"719","ID01","ID01_Session09","Left mouse button pressed",16250,110,"63","477","106.90","818.78"
"720","ID01","ID01_Session09","Left mouse button pressed",60891,110,"92","482","31.89","2206.28"
"721","ID01","ID01_Session09","Left mouse button pressed",190783,109,"1164","891","1147.37","9241.49"
"722","ID01","ID01_Session09","Left mouse button pressed",223049,109,"54","614","1121.35","4168.58"
"723","ID01","ID01_Session09","Left mouse button pressed",227158,94,"392","242","497.56","552.96"
"724","ID01","ID01_Session09","Left mouse button pressed",264127,94,"45","538","456.10","3779.91"
"725","ID01","ID01_Session09","Left mouse button pressed",281705,125,"483","580","405.83","647.68"
"726","ID01","ID01_Session09","Left mouse button pressed",304877,125,"366","661","351.14","363.85"
"727","ID01","ID01_Session09","Left mouse button pressed",344768,156,"114","431","128.32","553.76"
"728","ID01","ID01_Session09","Left mouse button pressed",347049,110,"160","570","243.84","267.41"
"729","ID01","ID01_Session09","Left mouse button pressed",347987,109,"51","518","120.77","165.09"
"730","ID01","ID01_Session09","Left mouse button pressed",349143,141,"182","273","226.76","282.42"
"731","ID01","ID01_Session09","Left mouse button pressed",356706,94,"595","694","356.45","489.95"
"732","ID01","ID01_Session09","Left mouse button pressed",400847,125,"24","528","230.87","435.32"
"733","ID01","ID01_Session09","Left mouse button pressed",420597,109,"161","450","142.78","365.74"
"734","ID01","ID01_Session09","Left mouse button pressed",448785,93,"175","268","125.10","295.41"
"735","ID01","ID01_Session09","Left mouse button pressed",453050,110,"327","266","152.01","318.92"
"736","ID01","ID01_Session09","Left mouse button pressed",561910,94,"663","648","320.41","464.40"
"737","ID01","ID01_Session09","Left mouse button pressed",585957,172,"178","240","331.39","694.62"
"738","ID01","ID01_Session09","Left mouse button pressed",638661,140,"620","419","245.71","2889.13"
"739","ID01","ID01_Session09","Left mouse button pressed",646692,156,"966","538","376.09","837.88"
"740","ID01","ID01_Session09","Left mouse button pressed",671286,156,"1189","456","304.01","347.71"
"741","ID01","ID01_Session09","Left mouse button pressed",691145,172,"88","453","1065.79","1505.09"
"742","ID01","ID01_Session09","Left mouse button pressed",739583,94,"559","450","447.05","4222.17"
"743","ID01","ID01_Session09","Left mouse button pressed",763833,141,"492","118","381.19","489.40"
"744","ID01","ID01_Session09","Left mouse button pressed",889287,141,"627","675","239.95","813.88"
"745","ID01","ID01_Session09","Left mouse button pressed",955319,109,"12","547","674.44","844.82"
"746","ID01","ID01_Session09","Left mouse button pressed",958132,140,"177","237","332.40","678.56"
"747","ID01","ID01_Session09","Left mouse button pressed",961678,94,"50","441","240.30","1422.11"
"748","ID01","ID01_Session09","Left mouse button pressed",1024366,94,"32","547","319.34","610.79"
"749","ID01","ID01_Session09","Left mouse button pressed",1071695,172,"67","545","10.30","13.41"
"750","ID01","ID01_Session09","Left mouse button pressed",1289181,156,"436","231","445.07","1582.64"
"751","ID01","ID01_Session09","Left mouse button pressed",1291243,94,"233","496","333.82","360.27"
"752","ID01","ID01_Session09","Left mouse button pressed",1299056,93,"260","721","173.40","273.81"
"753","ID01","ID01_Session09","Left mouse button pressed",1303790,125,"272","720","12.04","210.42"
"754","ID01","ID01_Session09","Left mouse button pressed",1313837,125,"300","712","29.12","135.97"
"755","ID01","ID01_Session09","Left mouse button pressed",1338071,204,"335","720","35.90","856.10"
"756","ID01","ID01_Session09","Left mouse button pressed",1344540,141,"373","711","39.05","212.70"
"757","ID01","ID01_Session09","Left mouse button pressed",1348384,125,"422","719","49.65","152.60"
"758","ID01","ID01_Session09","Left mouse button pressed",1359478,94,"466","714","44.28","1955.37"
"759","ID01","ID01_Session09","Left mouse button pressed",1365665,110,"514","715","48.01","71.82"
"760","ID01","ID01_Session09","Left mouse button pressed",1377369,93,"548","704","35.74","1235.02"
"761","ID01","ID01_Session09","Left mouse button pressed",1387150,94,"585","721","40.72","160.80"
"762","ID01","ID01_Session09","Left mouse button pressed",1391119,125,"624","723","39.05","39.83"
"763","ID01","ID01_Session09","Left mouse button pressed",1393712,94,"670","715","46.69","76.71"
"764","ID01","ID01_Session09","Left mouse button pressed",1394994,140,"693","715","23.00","23.00"
"765","ID01","ID01_Session09","Left mouse button pressed",1396478,94,"751","716","58.01","59.00"
"766","ID01","ID01_Session09","Left mouse button pressed",1398853,94,"273","711","478.03","482.58"
"767","ID01","ID01_Session09","Left mouse button pressed",1400072,109,"297","704","25.00","31.00"
"768","ID01","ID01_Session09","Left mouse button pressed",1400947,78,"333","705","36.01","37.83"
"769","ID01","ID01_Session09","Left mouse button pressed",1403134,188,"80","616","268.20","329.79"
"770","ID01","ID01_Session09","Left mouse button pressed",1412963,125,"169","235","433.23","557.49"
"771","ID01","ID01_Session09","Left mouse button pressed",1421541,172,"116","624","392.59","1903.37"
"772","ID01","ID01_Session09","Left mouse button pressed",1571776,94,"49","770","145.03","293.69"
"773","ID01","ID01_Session09","Left mouse button pressed",1581448,109,"83","643","406.16","635.23"
"774","ID01","ID01_Session09","Left mouse button pressed",1666074,140,"119","612","49.52","68.51"
"775","ID01","ID01_Session09","Left mouse button pressed",1697761,125,"35","650","168.72","388.16"
"776","ID01","ID01_Session09","Left mouse button pressed",1727527,94,"82","704","49.65","169.55"
"777","ID01","ID01_Session09","Left mouse button pressed",1808074,110,"83","772","358.27","377.46"
"778","ID01","ID01_Session10","Left mouse button pressed",0,63,"1185","895","65.76","69.74"
"779","ID01","ID01_Session10","Left mouse button pressed",12469,94,"496","731","708.25","1076.49"
"780","ID01","ID01_Session10","Left mouse button pressed",73250,110,"63","739","52.50","2592.71"
"781","ID01","ID01_Session10","Left mouse button pressed",76750,94,"32","54","769.05","990.81"
"782","ID01","ID01_Session10","Left mouse button pressed",82625,125,"233","527","513.94","2318.90"
"783","ID01","ID01_Session10","Left mouse button pressed",88016,94,"465","553","233.45","655.56"
"784","ID01","ID01_Session10","Left mouse button pressed",188672,157,"54","596","490.02","550.62"
"785","ID01","ID01_Session10","Left mouse button pressed",243454,140,"57","502","91.01","211.74"
"786","ID01","ID01_Session10","Left mouse button pressed",246938,94,"178","267","330.26","443.44"
"787","ID01","ID01_Session10","Left mouse button pressed",254688,94,"585","688","176.50","247.36"
"788","ID01","ID01_Session10","Left mouse button pressed",277672,94,"233","913","417.77","1622.86"
"789","ID01","ID01_Session10","Left mouse button pressed",288282,93,"285","911","52.04","353.49"
"790","ID01","ID01_Session10","Left mouse button pressed",295079,109,"318","906","33.38","298.02"
"791","ID01","ID01_Session10","Left mouse button pressed",305172,78,"366","909","48.09","197.11"
"792","ID01","ID01_Session10","Left mouse button pressed",314172,63,"397","916","31.78","384.91"
"793","ID01","ID01_Session10","Left mouse button pressed",319454,78,"437","912","40.20","385.00"
"794","ID01","ID01_Session10","Left mouse button pressed",334047,110,"478","911","41.01","2210.56"
"795","ID01","ID01_Session10","Left mouse button pressed",342750,94,"530","917","52.35","291.14"
"796","ID01","ID01_Session10","Left mouse button pressed",348360,94,"561","854","142.94","169.90"
"797","ID01","ID01_Session10","Left mouse button pressed",360860,109,"567","864","11.66","158.75"
"798","ID01","ID01_Session10","Left mouse button pressed",377922,188,"95","728","491.20","502.74"
"799","ID01","ID01_Session10","Left mouse button pressed",392610,94,"27","62","680.12","1234.59"
"800","ID01","ID01_Session10","Left mouse button pressed",417516,94,"1013","859","905.06","1060.14"
"801","ID01","ID01_Session10","Left mouse button pressed",441766,94,"375","793","641.40","8424.95"
"802","ID01","ID01_Session10","Left mouse button pressed",452782,109,"334","271","548.18","2564.07"
"803","ID01","ID01_Session10","Left mouse button pressed",464032,140,"621","581","422.46","560.44"
"804","ID01","ID01_Session10","Left mouse button pressed",467860,125,"440","673","203.04","812.78"
"805","ID01","ID01_Session10","Left mouse button pressed",468610,125,"648","575","229.93","238.87"
"806","ID01","ID01_Session10","Left mouse button pressed",469422,110,"649","575","1.00","1.00"
"807","ID01","ID01_Session10","Left mouse button pressed",470782,78,"1062","647","419.23","488.21"
"808","ID01","ID01_Session10","Left mouse button pressed",471094,78,"1060","642","5.39","7.00"
"809","ID01","ID01_Session10","Left mouse button pressed",476500,625,"208","339","904.27","1339.69"
"810","ID01","ID01_Session10","Left mouse button pressed",483625,63,"52","481","460.19","775.61"
"811","ID01","ID01_Session10","Left mouse button pressed",546016,156,"29","62","698.58","2287.86"
"812","ID01","ID01_Session10","Left mouse button pressed",553829,93,"588","729","161.12","247.51"
"813","ID01","ID01_Session10","Left mouse button pressed",555188,62,"1078","792","494.03","567.51"
"814","ID01","ID01_Session10","Left mouse button pressed",694907,4359,"554","682","535.42","3885.58"
"815","ID01","ID01_Session10","Left mouse button pressed",701547,47,"8","59","939.78","1432.36"
"816","ID01","ID01_Session10","Left mouse button pressed",707844,63,"618","852","1000.47","3376.19"
"817","ID01","ID01_Session10","Left mouse button pressed",714485,109,"1045","798","285.11","713.09"
"818","ID01","ID01_Session10","Left mouse button pressed",781766,94,"21","55","1265.16","3706.73"
"819","ID01","ID01_Session10","Left mouse button pressed",860448,140,"540","356","261.66","965.48"
"820","ID01","ID01_Session10","Left mouse button pressed",863495,94,"1050","416","513.52","915.54"
"821","ID01","ID01_Session10","Left mouse button pressed",865136,94,"474","616","609.73","616.17"
"822","ID01","ID01_Session10","Left mouse button pressed",866730,109,"49","664","427.70","615.62"
"823","ID01","ID01_Session10","Left mouse button pressed",971671,1797,"313","693","244.86","2419.32"
"824","ID01","ID01_Session10","Left mouse button pressed",1245235,172,"40","755","264.61","6358.65"
"825","ID01","ID01_Session10","Left mouse button pressed",1295066,125,"77","660","91.09","918.72"
"826","ID01","ID01_Session10","Left mouse button pressed",1299332,94,"159","268","675.82","2102.87"
"827","ID01","ID01_Session10","Left mouse button pressed",1310645,78,"478","660","155.47","329.60"
"828","ID01","ID01_Session10","Left mouse button pressed",1367821,141,"224","272","463.75","1347.39"
"829","ID01","ID01_Session10","Left mouse button pressed",1380040,79,"208","722","175.19","299.29"
"830","ID01","ID01_Session10","Left mouse button pressed",1382728,78,"821","743","613.36","660.86"
"831","ID01","ID01_Session10","Left mouse button pressed",1499529,125,"161","276","286.79","366.59"
"832","ID01","ID01_Session10","Left mouse button pressed",1527280,109,"1188","535","1059.16","2296.61"
"833","ID01","ID01_Session10","Left mouse button pressed",1641064,156,"88","653","886.84","1169.76"
"834","ID01","ID01_Session10","Left mouse button pressed",1650189,125,"61","634","392.80","2038.00"
"835","ID01","ID01_Session10","Left mouse button pressed",1669127,125,"86","597","603.86","900.64"
"836","ID01","ID01_Session10","Left mouse button pressed",1685799,203,"386","263","388.20","724.30"
"837","ID01","ID01_Session10","Left mouse button pressed",1695737,63,"904","736","701.46","1291.06"
"838","ID01","ID01_Session10","Left mouse button pressed",1699753,94,"1145","698","243.98","656.21"
"839","ID01","ID01_Session10","Left mouse button pressed",1700690,110,"879","641","272.04","294.21"
"840","ID01","ID01_Session10","Left mouse button pressed",1712675,125,"835","700","73.60","761.12"
"841","ID01","ID01_Session10","Left mouse button pressed",1716690,79,"15","53","1044.51","1644.38"
"842","ID01","ID01_Session10","Left mouse button pressed",1721409,94,"946","696","1131.46","2204.18"
"843","ID01","ID01_Session10","Left mouse button pressed",1724956,141,"835","733","117.00","125.71"
"844","ID01","ID01_Session10","Left mouse button pressed",1731034,125,"158","262","820.14","1120.22"
"845","ID01","ID01_Session10","Left mouse button pressed",1762222,156,"1235","11","830.19","2863.15"
