Date,Time,Msec,Application,Window,Message,X,Y,Rel. dist.,Total dist.,Rate,Extra info
2010:02:26,16:30:55,837,"uLog.exe"," ",Logging started,-1,-1,-1.00,-1.00,-1.00, 
2010:02:26,16:31:17,009,"firefox.exe","CNN.com - Breaking News, U.S....& Video News - Mozilla Firefox",Mouse wheel,1846,580,798.20,2525.17,0.32, 
2010:02:26,16:31:18,431,"firefox.exe","CNN.com - Breaking News, U.S....& Video News - Mozilla Firefox",Mouse wheel stopped,1787,643,0.00,0.00,1.00,1 Wheel actions
2010:02:26,16:31:18,431,"firefox.exe","CNN.com - Breaking News, U.S....& Video News - Mozilla Firefox",Left mouse button pressed,1787,643,86.31,103.26,0.84, 
2010:02:26,16:31:18,540,"firefox.exe","CNN.com - Breaking News, U.S....& Video News - Mozilla Firefox",Left mouse button released,1787,643,0.00,0.00,0.00, 
2010:02:26,16:31:18,822,"firefox.exe","CNN.com - Breaking News, U.S....& Video News - Mozilla Firefox",Mouse wheel,1784,641,3.61,5.00,0.72, 
2010:02:26,16:31:25,056,"firefox.exe","CNN.com - Breaking News, U.S....& Video News - Mozilla Firefox",Mouse wheel stopped,1833,380,0.00,0.00,1.00,2 Wheel actions
2010:02:26,16:31:25,056,"firefox.exe","CNN.com - Breaking News, U.S....& Video News - Mozilla Firefox",Left mouse button pressed,1833,380,260.05,395.25,0.66, 
2010:02:26,16:31:25,181,"firefox.exe","CNN.com - Breaking News, U.S....& Video News - Mozilla Firefox",Left mouse button released,1833,380,0.00,0.00,0.00, 
2010:02:26,16:31:28,197,"firefox.exe","Behind the scenes: A CNN repo...NN.com Blogs - Mozilla Firefox",Mouse wheel,1723,519,177.26,258.42,0.69, 
2010:02:26,16:31:55,260,"firefox.exe","Behind the scenes: A CNN repo...NN.com Blogs - Mozilla Firefox",Mouse wheel stopped,1804,728,0.00,0.00,1.00,45 Wheel actions
2010:02:26,16:31:55,260,"firefox.exe","Behind the scenes: A CNN repo...NN.com Blogs - Mozilla Firefox",Left mouse button pressed,1804,728,215.04,725.12,0.30, 
2010:02:26,16:31:56,026,"firefox.exe","Behind the scenes: A CNN repo...NN.com Blogs - Mozilla Firefox",Left mouse button released,1802,676,52.04,54.06,0.96, 
2010:02:26,16:31:56,385,"firefox.exe","Behind the scenes: A CNN repo...NN.com Blogs - Mozilla Firefox",Mouse wheel,1802,676,0.00,0.00,0.00, 
2010:02:26,16:32:00,276,"Explorer.EXE","4:31 PM",Mouse wheel stopped,1799,660,0.00,0.00,1.00,2 Wheel actions
2010:02:26,16:32:10,510,"firefox.exe","Behind the scenes: A CNN repo...NN.com Blogs - Mozilla Firefox",Left mouse button pressed,1729,547,147.73,241.97,0.61, 
2010:02:26,16:32:11,464,"firefox.exe","Behind the scenes: A CNN repo...NN.com Blogs - Mozilla Firefox",Left mouse button released,1776,588,62.37,69.49,0.90, 
2010:02:26,16:32:11,651,"firefox.exe","Behind the scenes: A CNN repo...NN.com Blogs - Mozilla Firefox",Left mouse button pressed,1776,588,0.00,0.00,0.00, 
2010:02:26,16:32:11,776,"firefox.exe","Behind the scenes: A CNN repo...NN.com Blogs - Mozilla Firefox",Left mouse button released,1776,588,0.00,0.00,0.00, 
2010:02:26,16:32:23,808,"firefox.exe","Behind the scenes: A CNN repo...NN.com Blogs - Mozilla Firefox",Key pressed,1786,600,-1.00,-1.00,1.00,Down arrow
2010:02:26,16:32:28,433,"firefox.exe","Behind the scenes: A CNN repo...NN.com Blogs - Mozilla Firefox",Key pressed,1786,600,-1.00,-1.00,1.00,Down arrow
2010:02:26,16:32:29,417,"firefox.exe","Behind the scenes: A CNN repo...NN.com Blogs - Mozilla Firefox",Key pressed,1786,600,-1.00,-1.00,1.00,Down arrow
2010:02:26,16:32:36,667,"firefox.exe","Behind the scenes: A CNN repo...NN.com Blogs - Mozilla Firefox",Key pressed,1786,600,-1.00,-1.00,1.00,Down arrow
2010:02:26,16:32:37,449,"firefox.exe","Behind the scenes: A CNN repo...NN.com Blogs - Mozilla Firefox",Key pressed,1786,600,-1.00,-1.00,1.00,Down arrow
2010:02:26,16:32:51,074,"firefox.exe","Behind the scenes: A CNN repo...NN.com Blogs - Mozilla Firefox",Key pressed,1786,600,-1.00,-1.00,1.00,Down arrow
2010:02:26,16:32:51,746,"firefox.exe","Behind the scenes: A CNN repo...NN.com Blogs - Mozilla Firefox",Key pressed,1786,600,-1.00,-1.00,1.00,Down arrow
2010:02:26,16:32:53,465,"firefox.exe","Behind the scenes: A CNN repo...NN.com Blogs - Mozilla Firefox",Key pressed,1786,600,-1.00,-1.00,1.00,Down arrow
2010:02:26,16:32:55,980,"firefox.exe","Behind the scenes: A CNN repo...NN.com Blogs - Mozilla Firefox",Key pressed,1786,600,-1.00,-1.00,1.00,Down arrow
2010:02:26,16:33:33,091,"firefox.exe","Behind the scenes: A CNN repo...NN.com Blogs - Mozilla Firefox",Key pressed,1786,600,-1.00,-1.00,1.00,Down arrow
2010:02:26,16:33:33,544,"firefox.exe","Behind the scenes: A CNN repo...NN.com Blogs - Mozilla Firefox",Key pressed,1786,600,-1.00,-1.00,1.00,Down arrow
2010:02:26,16:33:33,997,"firefox.exe","Behind the scenes: A CNN repo...NN.com Blogs - Mozilla Firefox",Key pressed,1786,600,-1.00,-1.00,1.00,Down arrow
2010:02:26,16:33:56,685,"firefox.exe","Behind the scenes: A CNN repo...NN.com Blogs - Mozilla Firefox",Key pressed,1786,600,-1.00,-1.00,1.00,Down arrow
2010:02:26,16:33:57,247,"firefox.exe","Behind the scenes: A CNN repo...NN.com Blogs - Mozilla Firefox",Key pressed,1786,600,-1.00,-1.00,1.00,Down arrow
2010:02:26,16:33:57,669,"firefox.exe","Behind the scenes: A CNN repo...NN.com Blogs - Mozilla Firefox",Key pressed,1786,600,-1.00,-1.00,1.00,Down arrow
2010:02:26,16:34:01,185,"firefox.exe","Behind the scenes: A CNN repo...NN.com Blogs - Mozilla Firefox",Key pressed,1786,600,-1.00,-1.00,1.00,Down arrow
2010:02:26,16:34:01,623,"firefox.exe","Behind the scenes: A CNN repo...NN.com Blogs - Mozilla Firefox",Key pressed,1786,600,-1.00,-1.00,1.00,Down arrow
2010:02:26,16:34:02,076,"firefox.exe","Behind the scenes: A CNN repo...NN.com Blogs - Mozilla Firefox",Key pressed,1786,600,-1.00,-1.00,1.00,Down arrow
2010:02:26,16:34:02,482,"firefox.exe","Behind the scenes: A CNN repo...NN.com Blogs - Mozilla Firefox",Key pressed,1786,600,-1.00,-1.00,1.00,Down arrow
2010:02:26,16:34:28,108,"firefox.exe","Behind the scenes: A CNN repo...NN.com Blogs - Mozilla Firefox",Mouse wheel,1767,656,68.59,121.64,0.56, 
2010:02:26,16:34:32,030,"firefox.exe","Behind the scenes: A CNN repo...NN.com Blogs - Mozilla Firefox",Mouse wheel stopped,1685,512,0.00,0.00,1.00,2 Wheel actions
2010:02:26,16:34:32,030,"firefox.exe","Behind the scenes: A CNN repo...NN.com Blogs - Mozilla Firefox",Left mouse button pressed,1685,512,165.71,184.06,0.90, 
2010:02:26,16:34:32,670,"firefox.exe","Behind the scenes: A CNN repo...NN.com Blogs - Mozilla Firefox",Left mouse button released,1664,474,43.42,48.38,0.90, 
2010:02:26,16:34:32,795,"firefox.exe","Behind the scenes: A CNN repo...NN.com Blogs - Mozilla Firefox",Left mouse button pressed,1664,474,0.00,0.00,0.00, 
2010:02:26,16:34:32,936,"firefox.exe","Behind the scenes: A CNN repo...NN.com Blogs - Mozilla Firefox",Left mouse button released,1664,474,0.00,0.00,0.00, 
2010:02:26,16:34:37,874,"firefox.exe","Behind the scenes: A CNN repo...NN.com Blogs - Mozilla Firefox",Mouse wheel,1666,511,37.05,129.86,0.29, 
2010:02:26,16:34:46,889,"firefox.exe","Behind the scenes: A CNN repo...NN.com Blogs - Mozilla Firefox",Mouse wheel stopped,1719,496,0.00,0.00,1.00,1 Wheel actions
2010:02:26,16:34:46,889,"firefox.exe","Behind the scenes: A CNN repo...NN.com Blogs - Mozilla Firefox",Left mouse button pressed,1719,496,55.08,237.57,0.23, 
2010:02:26,16:34:49,077,"firefox.exe","Behind the scenes: A CNN repo...NN.com Blogs - Mozilla Firefox",Left mouse button released,1704,475,25.81,41.41,0.62, 
2010:02:26,16:34:49,327,"firefox.exe","Behind the scenes: A CNN repo...NN.com Blogs - Mozilla Firefox",Left mouse button pressed,1704,475,0.00,0.00,0.00, 
2010:02:26,16:34:50,046,"firefox.exe","Behind the scenes: A CNN repo...NN.com Blogs - Mozilla Firefox",Left mouse button released,1711,500,25.96,29.48,0.88, 
2010:02:26,16:34:50,405,"firefox.exe","Behind the scenes: A CNN repo...NN.com Blogs - Mozilla Firefox",Left mouse button pressed,1711,500,0.00,0.00,0.00, 
2010:02:26,16:34:50,561,"firefox.exe","Behind the scenes: A CNN repo...NN.com Blogs - Mozilla Firefox",Left mouse button released,1711,500,0.00,0.00,0.00, 
2010:02:26,16:34:50,827,"firefox.exe","Behind the scenes: A CNN repo...NN.com Blogs - Mozilla Firefox",Mouse wheel,1711,500,0.00,0.00,0.00, 
2010:02:26,16:35:00,280,"Explorer.EXE","4:34 PM",Mouse wheel stopped,1779,438,0.00,0.00,1.00,1 Wheel actions
2010:02:26,16:35:05,062,"firefox.exe","Behind the scenes: A CNN repo...NN.com Blogs - Mozilla Firefox",Mouse wheel,1841,495,130.10,436.42,0.30, 
2010:02:26,16:35:38,984,"firefox.exe","Behind the scenes: A CNN repo...NN.com Blogs - Mozilla Firefox",Mouse wheel stopped,1758,533,0.00,0.00,1.00,2 Wheel actions
2010:02:26,16:35:38,984,"firefox.exe","Behind the scenes: A CNN repo...NN.com Blogs - Mozilla Firefox",Left mouse button pressed,1758,533,143.54,336.50,0.43, 
2010:02:26,16:35:40,422,"firefox.exe","Behind the scenes: A CNN repo...NN.com Blogs - Mozilla Firefox",Left mouse button released,1836,417,139.79,157.57,0.89, 
2010:02:26,16:35:43,266,"firefox.exe","Behind the scenes: A CNN repo...NN.com Blogs - Mozilla Firefox",Left mouse button pressed,1836,417,0.00,0.00,0.00, 
2010:02:26,16:35:45,813,"firefox.exe","Behind the scenes: A CNN repo...NN.com Blogs - Mozilla Firefox",Left mouse button released,1838,538,121.02,123.89,0.98, 
2010:02:26,16:35:50,938,"firefox.exe","Behind the scenes: A CNN repo...NN.com Blogs - Mozilla Firefox",Left mouse button pressed,1720,533,118.11,133.00,0.89, 
2010:02:26,16:35:52,860,"firefox.exe","Behind the scenes: A CNN repo...NN.com Blogs - Mozilla Firefox",Left mouse button released,1709,474,60.02,79.54,0.75, 
2010:02:26,16:35:57,126,"firefox.exe","Behind the scenes: A CNN repo...NN.com Blogs - Mozilla Firefox",Left mouse button pressed,1667,500,49.40,68.67,0.72, 
2010:02:26,16:35:57,266,"firefox.exe","Behind the scenes: A CNN repo...NN.com Blogs - Mozilla Firefox",Left mouse button released,1667,500,0.00,0.00,0.00, 
2010:02:26,16:35:57,626,"firefox.exe","Behind the scenes: A CNN repo...NN.com Blogs - Mozilla Firefox",Left mouse button pressed,1666,497,3.16,4.00,0.79, 
2010:02:26,16:35:58,329,"firefox.exe","Behind the scenes: A CNN repo...NN.com Blogs - Mozilla Firefox",Left mouse button released,1730,537,75.47,81.74,0.92, 
2010:02:26,16:36:01,282,"firefox.exe","Behind the scenes: A CNN repo...NN.com Blogs - Mozilla Firefox",Left mouse button pressed,1716,532,14.87,30.41,0.49, 
2010:02:26,16:36:02,235,"firefox.exe","Behind the scenes: A CNN repo...NN.com Blogs - Mozilla Firefox",Left mouse button released,1645,511,74.04,78.87,0.94, 
2010:02:26,16:36:02,376,"firefox.exe","Behind the scenes: A CNN repo...NN.com Blogs - Mozilla Firefox",Left mouse button pressed,1645,511,0.00,0.00,0.00, 
2010:02:26,16:36:02,891,"firefox.exe","Behind the scenes: A CNN repo...NN.com Blogs - Mozilla Firefox",Left mouse button released,1746,545,106.57,111.66,0.95, 
2010:02:26,16:36:03,188,"firefox.exe","Behind the scenes: A CNN repo...NN.com Blogs - Mozilla Firefox",Left mouse button pressed,1746,545,0.00,0.00,0.00, 
2010:02:26,16:36:03,313,"firefox.exe","Behind the scenes: A CNN repo...NN.com Blogs - Mozilla Firefox",Left mouse button released,1746,545,0.00,0.00,0.00, 
2010:02:26,16:36:03,719,"firefox.exe","Behind the scenes: A CNN repo...NN.com Blogs - Mozilla Firefox",Mouse wheel,1744,542,3.61,5.00,0.72, 
2010:02:26,16:36:05,329,"firefox.exe","Behind the scenes: A CNN repo...NN.com Blogs - Mozilla Firefox",Mouse wheel stopped,1673,505,0.00,0.00,1.00,1 Wheel actions
2010:02:26,16:36:05,329,"firefox.exe","Behind the scenes: A CNN repo...NN.com Blogs - Mozilla Firefox",Left mouse button pressed,1673,505,80.06,92.29,0.87, 
2010:02:26,16:36:07,595,"firefox.exe","Behind the scenes: A CNN repo...NN.com Blogs - Mozilla Firefox",Left mouse button released,1601,454,88.23,133.45,0.66, 
2010:02:26,16:36:07,782,"firefox.exe","Behind the scenes: A CNN repo...NN.com Blogs - Mozilla Firefox",Left mouse button pressed,1601,454,0.00,0.00,0.00, 
2010:02:26,16:36:08,860,"firefox.exe","Behind the scenes: A CNN repo...NN.com Blogs - Mozilla Firefox",Left mouse button released,1722,502,130.17,135.03,0.96, 
2010:02:26,16:36:09,235,"firefox.exe","Behind the scenes: A CNN repo...NN.com Blogs - Mozilla Firefox",Left mouse button pressed,1722,502,0.00,0.00,0.00, 
2010:02:26,16:36:09,423,"firefox.exe","Behind the scenes: A CNN repo...NN.com Blogs - Mozilla Firefox",Left mouse button released,1722,502,0.00,0.00,0.00, 
2010:02:26,16:36:11,610,"firefox.exe","Behind the scenes: A CNN repo...NN.com Blogs - Mozilla Firefox",Mouse wheel,1698,494,25.30,30.83,0.82, 
2010:02:26,16:36:14,876,"firefox.exe","Behind the scenes: A CNN repo...NN.com Blogs - Mozilla Firefox",Mouse wheel stopped,1303,58,0.00,0.00,1.00,1 Wheel actions
2010:02:26,16:36:14,876,"firefox.exe","Behind the scenes: A CNN repo...NN.com Blogs - Mozilla Firefox",Left mouse button pressed,1303,58,588.32,616.59,0.95, 
2010:02:26,16:36:14,954,"firefox.exe","Behind the scenes: A CNN repo...NN.com Blogs - Mozilla Firefox",Left mouse button released,1303,58,0.00,0.00,0.00, 
2010:02:26,16:36:16,329,"firefox.exe","CNN.com - Breaking News, U.S....& Video News - Mozilla Firefox",Mouse wheel,1759,557,675.97,710.53,0.95, 
2010:02:26,16:36:36,470,"firefox.exe","CNN.com - Breaking News, U.S....& Video News - Mozilla Firefox",Mouse wheel stopped,1589,457,0.00,0.00,1.00,1 Wheel actions
2010:02:26,16:36:36,470,"firefox.exe","CNN.com - Breaking News, U.S....& Video News - Mozilla Firefox",Left mouse button pressed,1589,457,197.23,868.48,0.23, 
2010:02:26,16:36:36,611,"firefox.exe","CNN.com - Breaking News, U.S....& Video News - Mozilla Firefox",Left mouse button released,1589,457,0.00,0.00,0.00, 
2010:02:26,16:36:38,595,"firefox.exe","Weather disrupts travel in No...st - CNN.com - Mozilla Firefox",Mouse wheel,1781,551,213.78,216.03,0.99, 
2010:02:26,16:36:50,236,"firefox.exe","Weather disrupts travel in No...st - CNN.com - Mozilla Firefox",Mouse wheel stopped,1638,510,0.00,0.00,1.00,4 Wheel actions
2010:02:26,16:36:50,236,"firefox.exe","Weather disrupts travel in No...st - CNN.com - Mozilla Firefox",Left mouse button pressed,1638,510,149.04,428.76,0.35, 
2010:02:26,16:36:51,393,"firefox.exe","Weather disrupts travel in No...st - CNN.com - Mozilla Firefox",Left mouse button released,1909,547,273.51,282.00,0.97, 
2010:02:26,16:36:51,564,"firefox.exe","Weather disrupts travel in No...st - CNN.com - Mozilla Firefox",Left mouse button pressed,1909,547,0.00,0.00,0.00, 
2010:02:26,16:36:51,658,"firefox.exe","Weather disrupts travel in No...st - CNN.com - Mozilla Firefox",Left mouse button released,1909,547,0.00,0.00,0.00, 
2010:02:26,16:36:55,033,"firefox.exe","Weather disrupts travel in No...st - CNN.com - Mozilla Firefox",Mouse wheel,1863,545,46.04,58.00,0.79, 
2010:02:26,16:36:58,424,"firefox.exe","Weather disrupts travel in No...st - CNN.com - Mozilla Firefox",Mouse wheel stopped,1668,529,0.00,0.00,1.00,1 Wheel actions
2010:02:26,16:36:58,424,"firefox.exe","Weather disrupts travel in No...st - CNN.com - Mozilla Firefox",Left mouse button pressed,1668,529,195.66,220.04,0.89, 
2010:02:26,16:36:58,877,"firefox.exe","Weather disrupts travel in No...st - CNN.com - Mozilla Firefox",Left mouse button released,1707,568,55.15,59.95,0.92, 
2010:02:26,16:36:58,987,"firefox.exe","Weather disrupts travel in No...st - CNN.com - Mozilla Firefox",Left mouse button pressed,1707,568,0.00,0.00,0.00, 
2010:02:26,16:36:59,127,"firefox.exe","Weather disrupts travel in No...st - CNN.com - Mozilla Firefox",Left mouse button released,1705,568,2.00,2.00,1.00, 
2010:02:26,16:36:59,393,"firefox.exe","Weather disrupts travel in No...st - CNN.com - Mozilla Firefox",Mouse wheel,1702,562,6.71,9.00,0.75, 
2010:02:26,16:37:00,283,"Explorer.EXE","4:36 PM",Mouse wheel stopped,1773,544,0.00,0.00,1.00,2 Wheel actions
2010:02:26,16:37:04,549,"firefox.exe","Weather disrupts travel in No...st - CNN.com - Mozilla Firefox",Left mouse button pressed,1759,487,94.81,154.80,0.61, 
2010:02:26,16:37:05,518,"firefox.exe","Weather disrupts travel in No...st - CNN.com - Mozilla Firefox",Left mouse button released,1734,433,59.51,66.75,0.89, 
2010:02:26,16:37:05,690,"firefox.exe","Weather disrupts travel in No...st - CNN.com - Mozilla Firefox",Left mouse button pressed,1734,433,0.00,0.00,0.00, 
2010:02:26,16:37:05,846,"firefox.exe","Weather disrupts travel in No...st - CNN.com - Mozilla Firefox",Left mouse button released,1734,433,0.00,0.00,0.00, 
2010:02:26,16:37:15,440,"firefox.exe","Weather disrupts travel in No...st - CNN.com - Mozilla Firefox",Key pressed,1734,433,-1.00,-1.00,1.00,Down arrow
2010:02:26,16:37:22,268,"firefox.exe","Weather disrupts travel in No...st - CNN.com - Mozilla Firefox",Left mouse button pressed,1309,64,562.84,669.77,0.84, 
2010:02:26,16:37:22,331,"firefox.exe","Weather disrupts travel in No...st - CNN.com - Mozilla Firefox",Left mouse button released,1309,64,0.00,0.00,0.00, 
2010:02:26,16:37:33,331,"firefox.exe","CNN.com - Breaking News, U.S....& Video News - Mozilla Firefox",Mouse wheel,1901,619,811.47,1025.31,0.79, 
2010:02:26,16:37:47,503,"firefox.exe","CNN.com - Breaking News, U.S....& Video News - Mozilla Firefox",Mouse wheel stopped,2002,585,0.00,0.00,1.00,1 Wheel actions
2010:02:26,16:37:47,503,"firefox.exe","CNN.com - Breaking News, U.S....& Video News - Mozilla Firefox",Left mouse button pressed,2002,585,106.57,594.42,0.18, 
2010:02:26,16:37:47,675,"firefox.exe","CNN.com - Breaking News, U.S....& Video News - Mozilla Firefox",Left mouse button released,2002,585,0.00,0.00,0.00, 
2010:02:26,16:37:53,707,"firefox.exe","Video - Breaking News Videos from CNN.com - Mozilla Firefox",Left mouse button pressed,1299,61,876.80,1183.50,0.74, 
2010:02:26,16:37:53,785,"firefox.exe","Video - Breaking News Videos from CNN.com - Mozilla Firefox",Left mouse button released,1299,61,0.00,0.00,0.00, 
2010:02:26,16:37:58,613,"firefox.exe","CNN.com - Breaking News, U.S....& Video News - Mozilla Firefox",Left mouse button pressed,1366,551,494.56,2247.17,0.22, 
2010:02:26,16:37:58,707,"firefox.exe","CNN.com - Breaking News, U.S....& Video News - Mozilla Firefox",Left mouse button released,1366,551,0.00,0.00,0.00, 
2010:02:26,16:38:07,145,"firefox.exe","CNN.com - Breaking News, U.S....& Video News - Mozilla Firefox",Left mouse button pressed,1514,420,197.65,236.46,0.84, 
2010:02:26,16:38:07,254,"firefox.exe","CNN.com - Breaking News, U.S....& Video News - Mozilla Firefox",Left mouse button released,1514,420,0.00,0.00,0.00, 
2010:02:26,16:38:13,598,"firefox.exe","Gunman With Infatuation Fatal...KIRO Seattle - Mozilla Firefox",Mouse wheel,1817,503,314.16,386.35,0.81, 
2010:02:26,16:39:00,286,"Explorer.EXE","4:38 PM",Mouse wheel stopped,1778,354,0.00,0.00,1.00,5 Wheel actions
2010:02:26,16:39:28,537,"firefox.exe","Gunman With Infatuation Fatal...KIRO Seattle - Mozilla Firefox",Mouse wheel,1880,473,79.91,534.11,0.15, 
2010:02:26,16:40:00,288,"Explorer.EXE","4:39 PM",Mouse wheel stopped,1533,443,0.00,0.00,1.00,4 Wheel actions
2010:02:26,16:40:09,273,"firefox.exe","Gunman With Infatuation Fatal...KIRO Seattle - Mozilla Firefox",Mouse wheel,1580,420,34.66,95.88,0.36, 
2010:02:26,16:40:11,695,"firefox.exe","Gunman With Infatuation Fatal...KIRO Seattle - Mozilla Firefox",Mouse wheel stopped,1766,124,0.00,0.00,1.00,2 Wheel actions
2010:02:26,16:40:11,695,"firefox.exe","Gunman With Infatuation Fatal...KIRO Seattle - Mozilla Firefox",Left mouse button pressed,1766,124,343.76,456.16,0.75, 
2010:02:26,16:40:13,585,"firefox.exe","Gunman With Infatuation Fatal...KIRO Seattle - Mozilla Firefox",Left mouse button released,1768,115,9.22,11.00,0.84, 
2010:02:26,16:40:19,132,"firefox.exe","CNN.com - Breaking News, U.S....& Video News - Mozilla Firefox",Left mouse button pressed,1503,473,445.41,727.01,0.61, 
2010:02:26,16:40:19,289,"firefox.exe","CNN.com - Breaking News, U.S....& Video News - Mozilla Firefox",Left mouse button released,1503,473,0.00,0.00,0.00, 
2010:02:26,16:40:21,539,"firefox.exe","Ellen DeGeneres' 'Idol' perfo...ws - CNN.com - Mozilla Firefox",Mouse wheel,1689,465,186.17,187.81,0.99, 
2010:02:26,16:40:34,961,"firefox.exe","Ellen DeGeneres' 'Idol' perfo...ws - CNN.com - Mozilla Firefox",Mouse wheel stopped,1312,61,0.00,0.00,1.00,21 Wheel actions
2010:02:26,16:40:34,961,"firefox.exe","Ellen DeGeneres' 'Idol' perfo...ws - CNN.com - Mozilla Firefox",Left mouse button pressed,1312,61,551.18,580.16,0.95, 
2010:02:26,16:40:35,039,"firefox.exe","Ellen DeGeneres' 'Idol' perfo...ws - CNN.com - Mozilla Firefox",Left mouse button released,1312,61,0.00,0.00,0.00, 
2010:02:26,16:40:36,695,"firefox.exe","CNN.com - Breaking News, U.S....& Video News - Mozilla Firefox",Mouse wheel,1645,400,475.19,529.89,0.90, 
2010:02:26,16:40:48,961,"firefox.exe","CNN.com - Breaking News, U.S....& Video News - Mozilla Firefox",Mouse wheel stopped,2027,516,0.00,0.00,1.00,1 Wheel actions
2010:02:26,16:40:48,961,"firefox.exe","CNN.com - Breaking News, U.S....& Video News - Mozilla Firefox",Left mouse button pressed,2027,516,399.22,489.12,0.82, 
2010:02:26,16:40:49,117,"firefox.exe","CNN.com - Breaking News, U.S....& Video News - Mozilla Firefox",Left mouse button released,2027,516,0.00,0.00,0.00, 
2010:02:26,16:40:55,243,"firefox.exe","NYC Greenwich Village Blizzar... CNN iReport - Mozilla Firefox",Mouse wheel,1875,575,163.05,185.33,0.88, 
2010:02:26,16:40:57,164,"firefox.exe","NYC Greenwich Village Blizzar... CNN iReport - Mozilla Firefox",Mouse wheel stopped,2186,431,0.00,0.00,1.00,2 Wheel actions
2010:02:26,16:40:57,164,"firefox.exe","NYC Greenwich Village Blizzar... CNN iReport - Mozilla Firefox",Left mouse button pressed,2186,431,343.14,359.55,0.95, 
2010:02:26,16:40:57,258,"firefox.exe","NYC Greenwich Village Blizzar... CNN iReport - Mozilla Firefox",Left mouse button released,2186,431,0.00,0.00,0.00, 
2010:02:26,16:40:59,102,"firefox.exe","NYC Greenwich Village Blizzar... CNN iReport - Mozilla Firefox",Left mouse button pressed,1626,506,565.00,643.51,0.88, 
2010:02:26,16:40:59,165,"firefox.exe","NYC Greenwich Village Blizzar... CNN iReport - Mozilla Firefox",Left mouse button released,1626,506,0.00,0.00,0.00, 
2010:02:26,16:40:59,461,"firefox.exe","NYC Greenwich Village Blizzar... CNN iReport - Mozilla Firefox",Mouse wheel,1688,575,92.76,94.65,0.98, 
2010:02:26,16:41:00,290,"Explorer.EXE","4:40 PM",Mouse wheel stopped,1354,167,0.00,0.00,1.00,2 Wheel actions
2010:02:26,16:41:00,915,"firefox.exe","NYC Greenwich Village Blizzar... CNN iReport - Mozilla Firefox",Left mouse button pressed,1295,59,649.41,707.31,0.92, 
2010:02:26,16:41:01,024,"firefox.exe","NYC Greenwich Village Blizzar... CNN iReport - Mozilla Firefox",Left mouse button released,1296,58,1.41,2.00,0.71, 
2010:02:26,16:41:02,118,"firefox.exe","CNN.com - Breaking News, U.S....& Video News - Mozilla Firefox",Mouse wheel,1940,585,832.14,871.80,0.95, 
2010:02:26,16:41:37,916,"firefox.exe","CNN.com - Breaking News, U.S....& Video News - Mozilla Firefox",Mouse wheel stopped,1729,360,0.00,0.00,1.00,17 Wheel actions
2010:02:26,16:41:37,916,"firefox.exe","CNN.com - Breaking News, U.S....& Video News - Mozilla Firefox",Left mouse button pressed,1729,360,197.08,282.72,0.70, 
2010:02:26,16:41:38,009,"firefox.exe","CNN.com - Breaking News, U.S....& Video News - Mozilla Firefox",Left mouse button released,1729,360,0.00,0.00,0.00, 
2010:02:26,16:41:39,150,"firefox.exe","Iraq to reinstate 20,000 form...rs - CNN.com - Mozilla Firefox",Mouse wheel,1725,479,119.07,122.24,0.97, 
2010:02:26,16:41:59,494,"firefox.exe","Iraq to reinstate 20,000 form...rs - CNN.com - Mozilla Firefox",Mouse wheel stopped,1786,491,0.00,0.00,1.00,4 Wheel actions
2010:02:26,16:41:59,494,"firefox.exe","Iraq to reinstate 20,000 form...rs - CNN.com - Mozilla Firefox",Left mouse button pressed,1786,491,90.09,649.11,0.14, 
2010:02:26,16:42:01,307,"firefox.exe","Iraq to reinstate 20,000 form...rs - CNN.com - Mozilla Firefox",Left mouse button released,1711,474,76.90,80.23,0.96, 
2010:02:26,16:42:01,494,"firefox.exe","Iraq to reinstate 20,000 form...rs - CNN.com - Mozilla Firefox",Left mouse button pressed,1711,474,0.00,0.00,0.00, 
2010:02:26,16:42:02,104,"firefox.exe","Iraq to reinstate 20,000 form...rs - CNN.com - Mozilla Firefox",Left mouse button released,1829,492,119.36,121.03,0.99, 
2010:02:26,16:42:02,244,"firefox.exe","Iraq to reinstate 20,000 form...rs - CNN.com - Mozilla Firefox",Left mouse button pressed,1829,492,0.00,0.00,0.00, 
2010:02:26,16:42:02,322,"firefox.exe","Iraq to reinstate 20,000 form...rs - CNN.com - Mozilla Firefox",Left mouse button released,1829,492,0.00,0.00,0.00, 
2010:02:26,16:42:03,166,"firefox.exe","Iraq to reinstate 20,000 form...rs - CNN.com - Mozilla Firefox",Left mouse button pressed,1772,567,94.20,106.43,0.89, 
2010:02:26,16:42:04,010,"firefox.exe","Iraq to reinstate 20,000 form...rs - CNN.com - Mozilla Firefox",Left mouse button released,1735,537,47.63,58.78,0.81, 
2010:02:26,16:42:04,119,"firefox.exe","Iraq to reinstate 20,000 form...rs - CNN.com - Mozilla Firefox",Left mouse button pressed,1736,537,1.00,1.00,1.00, 
2010:02:26,16:42:04,229,"firefox.exe","Iraq to reinstate 20,000 form...rs - CNN.com - Mozilla Firefox",Left mouse button released,1737,537,1.00,1.00,1.00, 
2010:02:26,16:42:04,619,"firefox.exe","Iraq to reinstate 20,000 form...rs - CNN.com - Mozilla Firefox",Left mouse button pressed,1738,536,1.41,2.00,0.71, 
2010:02:26,16:42:05,682,"firefox.exe","Iraq to reinstate 20,000 form...rs - CNN.com - Mozilla Firefox",Left mouse button released,1843,566,109.20,115.91,0.94, 
2010:02:26,16:42:12,807,"firefox.exe","Iraq to reinstate 20,000 form...rs - CNN.com - Mozilla Firefox",Left mouse button pressed,1657,662,209.31,235.29,0.89, 
2010:02:26,16:42:14,401,"firefox.exe","Iraq to reinstate 20,000 form...rs - CNN.com - Mozilla Firefox",Left mouse button released,1660,611,51.09,55.24,0.92, 
2010:02:26,16:42:22,573,"firefox.exe","Iraq to reinstate 20,000 form...rs - CNN.com - Mozilla Firefox",Left mouse button pressed,1661,611,1.00,1.00,1.00, 
2010:02:26,16:42:23,620,"firefox.exe","Iraq to reinstate 20,000 form...rs - CNN.com - Mozilla Firefox",Left mouse button released,1722,665,81.47,92.59,0.88, 
2010:02:26,16:42:25,026,"firefox.exe","Iraq to reinstate 20,000 form...rs - CNN.com - Mozilla Firefox",Mouse wheel,1718,661,5.66,20.83,0.27, 
2010:02:26,16:42:35,058,"firefox.exe","Iraq to reinstate 20,000 form...rs - CNN.com - Mozilla Firefox",Mouse wheel stopped,1715,650,0.00,0.00,1.00,1 Wheel actions
2010:02:26,16:42:35,058,"firefox.exe","Iraq to reinstate 20,000 form...rs - CNN.com - Mozilla Firefox",Left mouse button pressed,1715,650,11.40,225.45,0.05, 
2010:02:26,16:42:36,105,"firefox.exe","Iraq to reinstate 20,000 form...rs - CNN.com - Mozilla Firefox",Left mouse button released,1885,667,170.85,174.36,0.98, 
2010:02:26,16:42:36,448,"firefox.exe","Iraq to reinstate 20,000 form...rs - CNN.com - Mozilla Firefox",Left mouse button pressed,1885,667,0.00,0.00,0.00, 
2010:02:26,16:42:36,589,"firefox.exe","Iraq to reinstate 20,000 form...rs - CNN.com - Mozilla Firefox",Left mouse button released,1885,667,0.00,0.00,0.00, 
2010:02:26,16:42:46,261,"firefox.exe","Iraq to reinstate 20,000 form...rs - CNN.com - Mozilla Firefox",Key pressed,1873,676,-1.00,-1.00,1.00,Down arrow
2010:02:26,16:42:57,714,"firefox.exe","Iraq to reinstate 20,000 form...rs - CNN.com - Mozilla Firefox",Key pressed,1873,676,-1.00,-1.00,1.00,Down arrow
2010:02:26,16:43:00,574,"firefox.exe","Iraq to reinstate 20,000 form...rs - CNN.com - Mozilla Firefox",Key pressed,1873,676,-1.00,-1.00,1.00,Down arrow
2010:02:26,16:43:01,230,"firefox.exe","Iraq to reinstate 20,000 form...rs - CNN.com - Mozilla Firefox",Key pressed,1873,676,-1.00,-1.00,1.00,Down arrow
2010:02:26,16:43:01,699,"firefox.exe","Iraq to reinstate 20,000 form...rs - CNN.com - Mozilla Firefox",Key pressed,1873,676,-1.00,-1.00,1.00,Down arrow
2010:02:26,16:43:12,746,"firefox.exe","Iraq to reinstate 20,000 form...rs - CNN.com - Mozilla Firefox",Key pressed,1873,676,-1.00,-1.00,1.00,Down arrow
2010:02:26,16:43:17,606,"firefox.exe","Iraq to reinstate 20,000 form...rs - CNN.com - Mozilla Firefox",Left mouse button pressed,1311,55,839.06,1534.89,0.55, 
2010:02:26,16:43:17,715,"firefox.exe","Iraq to reinstate 20,000 form...rs - CNN.com - Mozilla Firefox",Left mouse button released,1311,55,0.00,0.00,0.00, 
2010:02:26,16:43:34,528,"firefox.exe","CNN.com - Breaking News, U.S....& Video News - Mozilla Firefox",Left mouse button pressed,2064,638,952.31,1138.83,0.84, 
2010:02:26,16:43:34,590,"firefox.exe","CNN.com - Breaking News, U.S....& Video News - Mozilla Firefox",Left mouse button released,2064,638,0.00,0.00,0.00, 
2010:02:26,16:43:58,966,"firefox.exe","Mind games as tough as Olympi...es - CNN.com - Mozilla Firefox",Key pressed,1915,539,-1.00,-1.00,1.00,Down arrow
2010:02:26,16:44:14,591,"firefox.exe","Mind games as tough as Olympi...es - CNN.com - Mozilla Firefox",Key pressed,1915,539,-1.00,-1.00,1.00,Down arrow
2010:02:26,16:44:15,326,"firefox.exe","Mind games as tough as Olympi...es - CNN.com - Mozilla Firefox",Key pressed,1915,539,-1.00,-1.00,1.00,Down arrow
2010:02:26,16:44:16,732,"firefox.exe","Mind games as tough as Olympi...es - CNN.com - Mozilla Firefox",Key pressed,1915,539,-1.00,-1.00,1.00,Down arrow
2010:02:26,16:44:17,888,"firefox.exe","Mind games as tough as Olympi...es - CNN.com - Mozilla Firefox",Key pressed,1915,539,-1.00,-1.00,1.00,Down arrow
2010:02:26,16:44:30,654,"firefox.exe","Mind games as tough as Olympi...es - CNN.com - Mozilla Firefox",Key pressed,1915,539,-1.00,-1.00,1.00,Down arrow
2010:02:26,16:44:37,279,"firefox.exe","Mind games as tough as Olympi...es - CNN.com - Mozilla Firefox",Key pressed,1915,539,-1.00,-1.00,1.00,Down arrow
2010:02:26,16:44:37,842,"firefox.exe","Mind games as tough as Olympi...es - CNN.com - Mozilla Firefox",Key pressed,1915,539,-1.00,-1.00,1.00,Down arrow
2010:02:26,16:44:54,514,"firefox.exe","Mind games as tough as Olympi...es - CNN.com - Mozilla Firefox",Key pressed,1915,539,-1.00,-1.00,1.00,Down arrow
2010:02:26,16:44:54,983,"firefox.exe","Mind games as tough as Olympi...es - CNN.com - Mozilla Firefox",Key pressed,1915,539,-1.00,-1.00,1.00,Down arrow
2010:02:26,16:44:55,702,"firefox.exe","Mind games as tough as Olympi...es - CNN.com - Mozilla Firefox",Key pressed,1915,539,-1.00,-1.00,1.00,Down arrow
2010:02:26,16:44:57,264,"firefox.exe","Mind games as tough as Olympi...es - CNN.com - Mozilla Firefox",Key pressed,1915,539,-1.00,-1.00,1.00,Down arrow
2010:02:26,16:44:57,921,"firefox.exe","Mind games as tough as Olympi...es - CNN.com - Mozilla Firefox",Key pressed,1915,539,-1.00,-1.00,1.00,Down arrow
2010:02:26,16:44:58,983,"firefox.exe","Mind games as tough as Olympi...es - CNN.com - Mozilla Firefox",Key pressed,1915,539,-1.00,-1.00,1.00,Down arrow
2010:02:26,16:44:59,374,"firefox.exe","Mind games as tough as Olympi...es - CNN.com - Mozilla Firefox",Key pressed,1915,539,-1.00,-1.00,1.00,Down arrow
2010:02:26,16:45:00,030,"firefox.exe","Mind games as tough as Olympi...es - CNN.com - Mozilla Firefox",Key pressed,1915,539,-1.00,-1.00,1.00,Down arrow
2010:02:26,16:45:22,671,"firefox.exe","Mind games as tough as Olympi...es - CNN.com - Mozilla Firefox",Key pressed,1915,539,-1.00,-1.00,1.00,Down arrow
2010:02:26,16:45:23,249,"firefox.exe","Mind games as tough as Olympi...es - CNN.com - Mozilla Firefox",Key pressed,1915,539,-1.00,-1.00,1.00,Down arrow
2010:02:26,16:45:23,953,"firefox.exe","Mind games as tough as Olympi...es - CNN.com - Mozilla Firefox",Key pressed,1915,539,-1.00,-1.00,1.00,Down arrow
2010:02:26,16:45:24,999,"firefox.exe","Mind games as tough as Olympi...es - CNN.com - Mozilla Firefox",Key pressed,1915,539,-1.00,-1.00,1.00,Down arrow
2010:02:26,16:45:39,000,"firefox.exe","Mind games as tough as Olympi...es - CNN.com - Mozilla Firefox",Key pressed,1915,539,-1.00,-1.00,1.00,Down arrow
2010:02:26,16:45:39,609,"firefox.exe","Mind games as tough as Olympi...es - CNN.com - Mozilla Firefox",Key pressed,1915,539,-1.00,-1.00,1.00,Down arrow
2010:02:26,16:45:53,047,"firefox.exe","Mind games as tough as Olympi...es - CNN.com - Mozilla Firefox",Key pressed,1915,539,-1.00,-1.00,1.00,Down arrow
2010:02:26,16:45:57,172,"firefox.exe","Mind games as tough as Olympi...es - CNN.com - Mozilla Firefox",Key pressed,1915,539,-1.00,-1.00,1.00,Down arrow
2010:02:26,16:45:57,594,"firefox.exe","Mind games as tough as Olympi...es - CNN.com - Mozilla Firefox",Key pressed,1915,539,-1.00,-1.00,1.00,Down arrow
2010:02:26,16:45:58,016,"firefox.exe","Mind games as tough as Olympi...es - CNN.com - Mozilla Firefox",Key pressed,1915,539,-1.00,-1.00,1.00,Down arrow
2010:02:26,16:46:10,360,"firefox.exe","Mind games as tough as Olympi...es - CNN.com - Mozilla Firefox",Key pressed,1915,539,-1.00,-1.00,1.00,Down arrow
2010:02:26,16:46:11,860,"firefox.exe","Mind games as tough as Olympi...es - CNN.com - Mozilla Firefox",Key pressed,1915,539,-1.00,-1.00,1.00,Down arrow
2010:02:26,16:46:12,407,"firefox.exe","Mind games as tough as Olympi...es - CNN.com - Mozilla Firefox",Key pressed,1915,539,-1.00,-1.00,1.00,Down arrow
2010:02:26,16:46:12,860,"firefox.exe","Mind games as tough as Olympi...es - CNN.com - Mozilla Firefox",Key pressed,1915,539,-1.00,-1.00,1.00,Down arrow
2010:02:26,16:46:51,158,"firefox.exe","Mind games as tough as Olympi...es - CNN.com - Mozilla Firefox",Key pressed,1915,539,-1.00,-1.00,1.00,Down arrow
2010:02:26,16:46:51,533,"firefox.exe","Mind games as tough as Olympi...es - CNN.com - Mozilla Firefox",Key pressed,1915,539,-1.00,-1.00,1.00,Down arrow
2010:02:26,16:46:51,939,"firefox.exe","Mind games as tough as Olympi...es - CNN.com - Mozilla Firefox",Key pressed,1915,539,-1.00,-1.00,1.00,Down arrow
2010:02:26,16:46:53,799,"firefox.exe","Mind games as tough as Olympi...es - CNN.com - Mozilla Firefox",Key pressed,1915,539,-1.00,-1.00,1.00,Down arrow
2010:02:26,16:47:05,002,"firefox.exe","Mind games as tough as Olympi...es - CNN.com - Mozilla Firefox",Key pressed,1915,539,-1.00,-1.00,1.00,Down arrow
2010:02:26,16:47:05,393,"firefox.exe","Mind games as tough as Olympi...es - CNN.com - Mozilla Firefox",Key pressed,1915,539,-1.00,-1.00,1.00,Down arrow
2010:02:26,16:47:05,861,"firefox.exe","Mind games as tough as Olympi...es - CNN.com - Mozilla Firefox",Key pressed,1915,539,-1.00,-1.00,1.00,Down arrow
2010:02:26,16:47:08,565,"firefox.exe","Mind games as tough as Olympi...es - CNN.com - Mozilla Firefox",Key pressed,1915,539,-1.00,-1.00,1.00,Down arrow
2010:02:26,16:47:08,877,"firefox.exe","Mind games as tough as Olympi...es - CNN.com - Mozilla Firefox",Key pressed,1915,539,-1.00,-1.00,1.00,Down arrow
2010:02:26,16:47:09,112,"firefox.exe","Mind games as tough as Olympi...es - CNN.com - Mozilla Firefox",Key pressed,1915,539,-1.00,-1.00,1.00,Down arrow
2010:02:26,16:47:09,377,"firefox.exe","Mind games as tough as Olympi...es - CNN.com - Mozilla Firefox",Key pressed,1915,539,-1.00,-1.00,1.00,Down arrow
2010:02:26,16:47:09,627,"firefox.exe","Mind games as tough as Olympi...es - CNN.com - Mozilla Firefox",Key pressed,1915,539,-1.00,-1.00,1.00,Down arrow
2010:02:26,16:47:09,862,"firefox.exe","Mind games as tough as Olympi...es - CNN.com - Mozilla Firefox",Key pressed,1915,539,-1.00,-1.00,1.00,Down arrow
2010:02:26,16:47:10,752,"firefox.exe","Mind games as tough as Olympi...es - CNN.com - Mozilla Firefox",Key pressed,1915,539,-1.00,-1.00,1.00,Down arrow
2010:02:26,16:47:31,315,"firefox.exe","Mind games as tough as Olympi...es - CNN.com - Mozilla Firefox",Key pressed,1915,539,-1.00,-1.00,1.00,Down arrow
2010:02:26,16:47:31,753,"firefox.exe","Mind games as tough as Olympi...es - CNN.com - Mozilla Firefox",Key pressed,1915,539,-1.00,-1.00,1.00,Down arrow
2010:02:26,16:47:32,128,"firefox.exe","Mind games as tough as Olympi...es - CNN.com - Mozilla Firefox",Key pressed,1915,539,-1.00,-1.00,1.00,Down arrow
2010:02:26,16:47:38,331,"firefox.exe","Mind games as tough as Olympi...es - CNN.com - Mozilla Firefox",Key pressed,1915,539,-1.00,-1.00,1.00,Down arrow
2010:02:26,16:47:38,675,"firefox.exe","Mind games as tough as Olympi...es - CNN.com - Mozilla Firefox",Key pressed,1915,539,-1.00,-1.00,1.00,Down arrow
2010:02:26,16:47:43,737,"firefox.exe","Mind games as tough as Olympi...es - CNN.com - Mozilla Firefox",Key pressed,1915,539,-1.00,-1.00,1.00,Down arrow
2010:02:26,16:47:44,191,"firefox.exe","Mind games as tough as Olympi...es - CNN.com - Mozilla Firefox",Key pressed,1915,539,-1.00,-1.00,1.00,Down arrow
2010:02:26,16:47:44,691,"firefox.exe","Mind games as tough as Olympi...es - CNN.com - Mozilla Firefox",Key pressed,1915,539,-1.00,-1.00,1.00,Down arrow
2010:02:26,16:47:45,081,"firefox.exe","Mind games as tough as Olympi...es - CNN.com - Mozilla Firefox",Key pressed,1915,539,-1.00,-1.00,1.00,Down arrow
2010:02:26,16:47:45,769,"firefox.exe","Mind games as tough as Olympi...es - CNN.com - Mozilla Firefox",Key pressed,1915,539,-1.00,-1.00,1.00,Down arrow
2010:02:26,16:47:46,206,"firefox.exe","Mind games as tough as Olympi...es - CNN.com - Mozilla Firefox",Key pressed,1915,539,-1.00,-1.00,1.00,Down arrow
2010:02:26,16:47:46,706,"firefox.exe","Mind games as tough as Olympi...es - CNN.com - Mozilla Firefox",Key pressed,1915,539,-1.00,-1.00,1.00,Down arrow
2010:02:26,16:48:03,050,"firefox.exe","Mind games as tough as Olympi...es - CNN.com - Mozilla Firefox",Key pressed,1915,539,-1.00,-1.00,1.00,Down arrow
2010:02:26,16:48:03,363,"firefox.exe","Mind games as tough as Olympi...es - CNN.com - Mozilla Firefox",Key pressed,1915,539,-1.00,-1.00,1.00,Down arrow
2010:02:26,16:48:03,691,"firefox.exe","Mind games as tough as Olympi...es - CNN.com - Mozilla Firefox",Key pressed,1915,539,-1.00,-1.00,1.00,Down arrow
2010:02:26,16:48:16,051,"firefox.exe","Mind games as tough as Olympi...es - CNN.com - Mozilla Firefox",Key pressed,1915,539,-1.00,-1.00,1.00,Down arrow
2010:02:26,16:48:16,316,"firefox.exe","Mind games as tough as Olympi...es - CNN.com - Mozilla Firefox",Key pressed,1915,539,-1.00,-1.00,1.00,Down arrow
2010:02:26,16:48:16,785,"firefox.exe","Mind games as tough as Olympi...es - CNN.com - Mozilla Firefox",Key pressed,1915,539,-1.00,-1.00,1.00,Down arrow
2010:02:26,16:48:17,441,"firefox.exe","Mind games as tough as Olympi...es - CNN.com - Mozilla Firefox",Key pressed,1915,539,-1.00,-1.00,1.00,Down arrow
2010:02:26,16:48:19,910,"firefox.exe","Mind games as tough as Olympi...es - CNN.com - Mozilla Firefox",Key pressed,1915,539,-1.00,-1.00,1.00,Down arrow
2010:02:26,16:48:28,817,"firefox.exe","Mind games as tough as Olympi...es - CNN.com - Mozilla Firefox",Key pressed,1915,539,-1.00,-1.00,1.00,Down arrow
2010:02:26,16:48:29,332,"firefox.exe","Mind games as tough as Olympi...es - CNN.com - Mozilla Firefox",Key pressed,1915,539,-1.00,-1.00,1.00,Down arrow
2010:02:26,16:48:35,301,"firefox.exe","Mind games as tough as Olympi...es - CNN.com - Mozilla Firefox",Key pressed,1915,539,-1.00,-1.00,1.00,Down arrow
2010:02:26,16:48:35,645,"firefox.exe","Mind games as tough as Olympi...es - CNN.com - Mozilla Firefox",Key pressed,1915,539,-1.00,-1.00,1.00,Down arrow
2010:02:26,16:48:39,254,"firefox.exe","Mind games as tough as Olympi...es - CNN.com - Mozilla Firefox",Key pressed,1915,539,-1.00,-1.00,1.00,Down arrow
2010:02:26,16:48:39,629,"firefox.exe","Mind games as tough as Olympi...es - CNN.com - Mozilla Firefox",Key pressed,1915,539,-1.00,-1.00,1.00,Down arrow
2010:02:26,16:48:40,067,"firefox.exe","Mind games as tough as Olympi...es - CNN.com - Mozilla Firefox",Key pressed,1915,539,-1.00,-1.00,1.00,Down arrow
2010:02:26,16:48:40,833,"firefox.exe","Mind games as tough as Olympi...es - CNN.com - Mozilla Firefox",Key pressed,1915,539,-1.00,-1.00,1.00,Down arrow
2010:02:26,16:49:04,880,"firefox.exe","Mind games as tough as Olympi...es - CNN.com - Mozilla Firefox",Key pressed,1915,539,-1.00,-1.00,1.00,Down arrow
2010:02:26,16:49:05,255,"firefox.exe","Mind games as tough as Olympi...es - CNN.com - Mozilla Firefox",Key pressed,1915,539,-1.00,-1.00,1.00,Down arrow
2010:02:26,16:49:05,599,"firefox.exe","Mind games as tough as Olympi...es - CNN.com - Mozilla Firefox",Key pressed,1915,539,-1.00,-1.00,1.00,Down arrow
2010:02:26,16:49:05,927,"firefox.exe","Mind games as tough as Olympi...es - CNN.com - Mozilla Firefox",Key pressed,1915,539,-1.00,-1.00,1.00,Down arrow
2010:02:26,16:49:07,708,"firefox.exe","Mind games as tough as Olympi...es - CNN.com - Mozilla Firefox",Key pressed,1915,539,-1.00,-1.00,1.00,Down arrow
2010:02:26,16:49:08,849,"firefox.exe","Mind games as tough as Olympi...es - CNN.com - Mozilla Firefox",Key pressed,1915,539,-1.00,-1.00,1.00,Down arrow
2010:02:26,16:49:31,334,"firefox.exe","Mind games as tough as Olympi...es - CNN.com - Mozilla Firefox",Key pressed,1915,539,-1.00,-1.00,1.00,Down arrow
2010:02:26,16:49:31,631,"firefox.exe","Mind games as tough as Olympi...es - CNN.com - Mozilla Firefox",Key pressed,1915,539,-1.00,-1.00,1.00,Down arrow
2010:02:26,16:49:31,912,"firefox.exe","Mind games as tough as Olympi...es - CNN.com - Mozilla Firefox",Key pressed,1915,539,-1.00,-1.00,1.00,Down arrow
2010:02:26,16:49:32,178,"firefox.exe","Mind games as tough as Olympi...es - CNN.com - Mozilla Firefox",Key pressed,1915,539,-1.00,-1.00,1.00,Down arrow
2010:02:26,16:49:32,537,"firefox.exe","Mind games as tough as Olympi...es - CNN.com - Mozilla Firefox",Key pressed,1915,539,-1.00,-1.00,1.00,Down arrow
2010:02:26,16:49:45,850,"firefox.exe","Mind games as tough as Olympi...es - CNN.com - Mozilla Firefox",Key pressed,1915,539,-1.00,-1.00,1.00,Down arrow
2010:02:26,16:49:46,209,"firefox.exe","Mind games as tough as Olympi...es - CNN.com - Mozilla Firefox",Key pressed,1915,539,-1.00,-1.00,1.00,Down arrow
2010:02:26,16:49:52,803,"firefox.exe","Mind games as tough as Olympi...es - CNN.com - Mozilla Firefox",Key pressed,1915,539,-1.00,-1.00,1.00,Down arrow
2010:02:26,16:49:53,725,"firefox.exe","Mind games as tough as Olympi...es - CNN.com - Mozilla Firefox",Key pressed,1915,539,-1.00,-1.00,1.00,Down arrow
2010:02:26,16:49:54,006,"firefox.exe","Mind games as tough as Olympi...es - CNN.com - Mozilla Firefox",Key pressed,1915,539,-1.00,-1.00,1.00,Down arrow
2010:02:26,16:49:54,241,"firefox.exe","Mind games as tough as Olympi...es - CNN.com - Mozilla Firefox",Key pressed,1915,539,-1.00,-1.00,1.00,Down arrow
2010:02:26,16:50:12,351,"firefox.exe","Mind games as tough as Olympi...es - CNN.com - Mozilla Firefox",Key pressed,1915,539,-1.00,-1.00,1.00,Down arrow
2010:02:26,16:50:13,007,"firefox.exe","Mind games as tough as Olympi...es - CNN.com - Mozilla Firefox",Key pressed,1915,539,-1.00,-1.00,1.00,Down arrow
2010:02:26,16:50:13,507,"firefox.exe","Mind games as tough as Olympi...es - CNN.com - Mozilla Firefox",Key pressed,1915,539,-1.00,-1.00,1.00,Down arrow
2010:02:26,16:50:13,944,"firefox.exe","Mind games as tough as Olympi...es - CNN.com - Mozilla Firefox",Key pressed,1915,539,-1.00,-1.00,1.00,Down arrow
2010:02:26,16:50:14,382,"firefox.exe","Mind games as tough as Olympi...es - CNN.com - Mozilla Firefox",Key pressed,1915,539,-1.00,-1.00,1.00,Down arrow
2010:02:26,16:50:14,804,"firefox.exe","Mind games as tough as Olympi...es - CNN.com - Mozilla Firefox",Key pressed,1915,539,-1.00,-1.00,1.00,Down arrow
2010:02:26,16:50:15,148,"firefox.exe","Mind games as tough as Olympi...es - CNN.com - Mozilla Firefox",Key pressed,1915,539,-1.00,-1.00,1.00,Down arrow
2010:02:26,16:50:25,898,"firefox.exe","Mind games as tough as Olympi...es - CNN.com - Mozilla Firefox",Mouse wheel,1788,499,309.03,496.87,0.62, 
2010:02:26,16:50:43,679,"firefox.exe","Mind games as tough as Olympi...es - CNN.com - Mozilla Firefox",Mouse wheel stopped,1808,483,0.00,0.00,1.00,2 Wheel actions
2010:02:26,16:50:43,679,"firefox.exe","Mind games as tough as Olympi...es - CNN.com - Mozilla Firefox",Key pressed,1808,483,-1.00,-1.00,1.00,Down arrow
2010:02:26,16:50:44,117,"firefox.exe","Mind games as tough as Olympi...es - CNN.com - Mozilla Firefox",Key pressed,1808,483,-1.00,-1.00,1.00,Down arrow
2010:02:26,16:50:44,445,"firefox.exe","Mind games as tough as Olympi...es - CNN.com - Mozilla Firefox",Key pressed,1808,483,-1.00,-1.00,1.00,Down arrow
2010:02:26,16:50:44,789,"firefox.exe","Mind games as tough as Olympi...es - CNN.com - Mozilla Firefox",Key pressed,1808,483,-1.00,-1.00,1.00,Down arrow
2010:02:26,16:50:45,133,"firefox.exe","Mind games as tough as Olympi...es - CNN.com - Mozilla Firefox",Key pressed,1808,483,-1.00,-1.00,1.00,Down arrow
2010:02:26,16:50:49,742,"firefox.exe","Mind games as tough as Olympi...es - CNN.com - Mozilla Firefox",Key pressed,1808,483,-1.00,-1.00,1.00,Down arrow
2010:02:26,16:50:50,992,"firefox.exe","Mind games as tough as Olympi...es - CNN.com - Mozilla Firefox",Key pressed,1808,483,-1.00,-1.00,1.00,Down arrow
2010:02:26,16:50:54,008,"firefox.exe","Mind games as tough as Olympi...es - CNN.com - Mozilla Firefox",Key pressed,1808,483,-1.00,-1.00,1.00,Down arrow
2010:02:26,16:50:54,477,"firefox.exe","Mind games as tough as Olympi...es - CNN.com - Mozilla Firefox",Key pressed,1808,483,-1.00,-1.00,1.00,Down arrow
2010:02:26,16:51:23,790,"firefox.exe","Mind games as tough as Olympi...es - CNN.com - Mozilla Firefox",Key pressed,1808,483,-1.00,-1.00,1.00,Down arrow
2010:02:26,16:51:24,102,"firefox.exe","Mind games as tough as Olympi...es - CNN.com - Mozilla Firefox",Key pressed,1808,483,-1.00,-1.00,1.00,Down arrow
2010:02:26,16:51:24,431,"firefox.exe","Mind games as tough as Olympi...es - CNN.com - Mozilla Firefox",Key pressed,1808,483,-1.00,-1.00,1.00,Down arrow
2010:02:26,16:51:24,681,"firefox.exe","Mind games as tough as Olympi...es - CNN.com - Mozilla Firefox",Key pressed,1808,483,-1.00,-1.00,1.00,Down arrow
2010:02:26,16:51:26,587,"firefox.exe","Mind games as tough as Olympi...es - CNN.com - Mozilla Firefox",Key pressed,1808,483,-1.00,-1.00,1.00,Down arrow
2010:02:26,16:51:26,993,"firefox.exe","Mind games as tough as Olympi...es - CNN.com - Mozilla Firefox",Key pressed,1808,483,-1.00,-1.00,1.00,Down arrow
2010:02:26,16:51:35,853,"firefox.exe","Mind games as tough as Olympi...es - CNN.com - Mozilla Firefox",Key pressed,1808,483,-1.00,-1.00,1.00,Down arrow
2010:02:26,16:51:36,212,"firefox.exe","Mind games as tough as Olympi...es - CNN.com - Mozilla Firefox",Key pressed,1808,483,-1.00,-1.00,1.00,Down arrow
2010:02:26,16:51:37,228,"firefox.exe","Mind games as tough as Olympi...es - CNN.com - Mozilla Firefox",Key pressed,1808,483,-1.00,-1.00,1.00,Down arrow
2010:02:26,16:51:41,259,"firefox.exe","Mind games as tough as Olympi...es - CNN.com - Mozilla Firefox",Key pressed,1808,483,-1.00,-1.00,1.00,Down arrow
2010:02:26,16:51:41,822,"firefox.exe","Mind games as tough as Olympi...es - CNN.com - Mozilla Firefox",Key pressed,1808,483,-1.00,-1.00,1.00,Down arrow
2010:02:26,16:51:42,243,"firefox.exe","Mind games as tough as Olympi...es - CNN.com - Mozilla Firefox",Key pressed,1808,483,-1.00,-1.00,1.00,Down arrow
2010:02:26,16:51:42,603,"firefox.exe","Mind games as tough as Olympi...es - CNN.com - Mozilla Firefox",Key pressed,1808,483,-1.00,-1.00,1.00,Down arrow
2010:02:26,16:51:43,103,"firefox.exe","Mind games as tough as Olympi...es - CNN.com - Mozilla Firefox",Key pressed,1808,483,-1.00,-1.00,1.00,Down arrow
2010:02:26,16:51:44,369,"firefox.exe","Mind games as tough as Olympi...es - CNN.com - Mozilla Firefox",Key pressed,1808,483,-1.00,-1.00,1.00,Down arrow
2010:02:26,16:51:48,556,"firefox.exe","Mind games as tough as Olympi...es - CNN.com - Mozilla Firefox",Left mouse button pressed,1799,423,20.12,229.49,0.09, 
2010:02:26,16:51:49,728,"firefox.exe","Mind games as tough as Olympi...es - CNN.com - Mozilla Firefox",Left mouse button released,1988,467,194.05,197.71,0.98, 
2010:02:26,16:51:49,806,"firefox.exe","Mind games as tough as Olympi...es - CNN.com - Mozilla Firefox",Left mouse button pressed,1988,467,0.00,0.00,0.00, 
2010:02:26,16:51:49,900,"firefox.exe","Mind games as tough as Olympi...es - CNN.com - Mozilla Firefox",Left mouse button released,1988,467,0.00,0.00,0.00, 
2010:02:26,16:51:56,228,"firefox.exe","Mind games as tough as Olympi...es - CNN.com - Mozilla Firefox",Mouse wheel,1942,472,46.27,119.49,0.39, 
2010:02:26,16:52:00,306,"Explorer.EXE","4:51 PM",Mouse wheel stopped,1808,352,0.00,0.00,1.00,2 Wheel actions
2010:02:26,16:52:14,276,"firefox.exe","Mind games as tough as Olympi...es - CNN.com - Mozilla Firefox",Mouse wheel,1698,346,246.62,328.20,0.75, 
2010:02:26,16:52:27,073,"firefox.exe","Mind games as tough as Olympi...es - CNN.com - Mozilla Firefox",Mouse wheel stopped,1785,434,0.00,0.00,1.00,1 Wheel actions
2010:02:26,16:52:27,073,"firefox.exe","Mind games as tough as Olympi...es - CNN.com - Mozilla Firefox",Left mouse button pressed,1785,434,123.75,253.38,0.49, 
2010:02:26,16:52:28,104,"firefox.exe","Mind games as tough as Olympi...es - CNN.com - Mozilla Firefox",Left mouse button released,1774,343,91.66,95.00,0.96, 
2010:02:26,16:52:28,229,"firefox.exe","Mind games as tough as Olympi...es - CNN.com - Mozilla Firefox",Left mouse button pressed,1774,343,0.00,0.00,0.00, 
2010:02:26,16:52:28,354,"firefox.exe","Mind games as tough as Olympi...es - CNN.com - Mozilla Firefox",Left mouse button released,1774,343,0.00,0.00,0.00, 
2010:02:26,16:52:59,120,"firefox.exe","Mind games as tough as Olympi...es - CNN.com - Mozilla Firefox",Mouse wheel,1786,491,148.49,774.02,0.19, 
2010:02:26,16:53:00,308,"Explorer.EXE","4:52 PM",Mouse wheel stopped,1789,479,0.00,0.00,1.00,1 Wheel actions
2010:02:26,16:53:07,230,"firefox.exe","Mind games as tough as Olympi...es - CNN.com - Mozilla Firefox",Left mouse button pressed,1946,478,160.53,251.78,0.64, 
2010:02:26,16:53:07,371,"firefox.exe","Mind games as tough as Olympi...es - CNN.com - Mozilla Firefox",Left mouse button released,1946,478,0.00,0.00,0.00, 
2010:02:26,16:53:08,027,"firefox.exe","Mind games as tough as Olympi...es - CNN.com - Mozilla Firefox",Mouse wheel,1945,478,1.00,1.00,1.00, 
2010:02:26,16:54:00,310,"Explorer.EXE","4:53 PM",Mouse wheel stopped,1808,488,0.00,0.00,1.00,3 Wheel actions
2010:02:26,16:54:16,122,"firefox.exe","Mind games as tough as Olympi...es - CNN.com - Mozilla Firefox",Left mouse button pressed,1305,61,626.08,1010.30,0.62, 
2010:02:26,16:54:16,216,"firefox.exe","Mind games as tough as Olympi...es - CNN.com - Mozilla Firefox",Left mouse button released,1305,61,0.00,0.00,0.00, 
2010:02:26,16:54:18,607,"firefox.exe","CNN.com - Breaking News, U.S....& Video News - Mozilla Firefox",Mouse wheel,1880,609,794.31,875.58,0.91, 
2010:02:26,16:54:40,982,"firefox.exe","CNN.com - Breaking News, U.S....& Video News - Mozilla Firefox",Mouse wheel stopped,1583,685,0.00,0.00,1.00,4 Wheel actions
2010:02:26,16:54:40,982,"firefox.exe","CNN.com - Breaking News, U.S....& Video News - Mozilla Firefox",Left mouse button pressed,1583,685,243.58,333.03,0.73, 
2010:02:26,16:54:41,264,"firefox.exe","CNN.com - Breaking News, U.S....& Video News - Mozilla Firefox",Left mouse button released,1583,685,0.00,0.00,0.00, 
2010:02:26,16:54:50,123,"firefox.exe","Dell's tablet gunning for App...ad - CNN.com - Mozilla Firefox",Left mouse button pressed,1838,590,272.12,386.85,0.70, 
2010:02:26,16:54:51,811,"firefox.exe","Dell's tablet gunning for App...ad - CNN.com - Mozilla Firefox",Left mouse button released,1846,530,60.53,69.56,0.87, 
2010:02:26,16:54:51,951,"firefox.exe","Dell's tablet gunning for App...ad - CNN.com - Mozilla Firefox",Left mouse button pressed,1846,530,0.00,0.00,0.00, 
2010:02:26,16:54:52,905,"firefox.exe","Dell's tablet gunning for App...ad - CNN.com - Mozilla Firefox",Left mouse button released,1851,592,62.20,63.54,0.98, 
2010:02:26,16:54:53,092,"firefox.exe","Dell's tablet gunning for App...ad - CNN.com - Mozilla Firefox",Left mouse button pressed,1851,592,0.00,0.00,0.00, 
2010:02:26,16:54:53,233,"firefox.exe","Dell's tablet gunning for App...ad - CNN.com - Mozilla Firefox",Left mouse button released,1851,592,0.00,0.00,0.00, 
2010:02:26,16:55:01,420,"firefox.exe","Dell's tablet gunning for App...ad - CNN.com - Mozilla Firefox",Left mouse button pressed,1847,591,4.12,5.00,0.82, 
2010:02:26,16:55:02,749,"firefox.exe","Dell's tablet gunning for App...ad - CNN.com - Mozilla Firefox",Left mouse button released,1813,575,37.58,47.02,0.80, 
2010:02:26,16:55:02,889,"firefox.exe","Dell's tablet gunning for App...ad - CNN.com - Mozilla Firefox",Left mouse button pressed,1813,575,0.00,0.00,0.00, 
2010:02:26,16:55:03,499,"firefox.exe","Dell's tablet gunning for App...ad - CNN.com - Mozilla Firefox",Left mouse button released,1845,587,34.18,38.58,0.89, 
2010:02:26,16:55:03,592,"firefox.exe","Dell's tablet gunning for App...ad - CNN.com - Mozilla Firefox",Left mouse button pressed,1845,587,0.00,0.00,0.00, 
2010:02:26,16:55:03,733,"firefox.exe","Dell's tablet gunning for App...ad - CNN.com - Mozilla Firefox",Left mouse button released,1845,587,0.00,0.00,0.00, 
2010:02:26,16:55:04,124,"firefox.exe","Dell's tablet gunning for App...ad - CNN.com - Mozilla Firefox",Mouse wheel,1844,589,2.24,3.00,0.75, 
2010:02:26,16:55:04,624,"firefox.exe","Dell's tablet gunning for App...ad - CNN.com - Mozilla Firefox",Mouse wheel stopped,1838,596,0.00,0.00,1.00,1 Wheel actions
2010:02:26,16:55:04,624,"firefox.exe","Dell's tablet gunning for App...ad - CNN.com - Mozilla Firefox",Left mouse button pressed,1838,596,9.22,15.00,0.61, 
2010:02:26,16:55:05,827,"firefox.exe","Dell's tablet gunning for App...ad - CNN.com - Mozilla Firefox",Left mouse button released,1793,527,82.38,94.56,0.87, 
2010:02:26,16:55:05,936,"firefox.exe","Dell's tablet gunning for App...ad - CNN.com - Mozilla Firefox",Left mouse button pressed,1793,527,0.00,0.00,0.00, 
2010:02:26,16:55:06,858,"firefox.exe","Dell's tablet gunning for App...ad - CNN.com - Mozilla Firefox",Left mouse button released,1867,607,108.98,118.01,0.92, 
2010:02:26,16:55:16,421,"firefox.exe","Dell's tablet gunning for App...ad - CNN.com - Mozilla Firefox",Left mouse button pressed,1844,594,26.42,34.83,0.76, 
2010:02:26,16:55:16,530,"firefox.exe","Dell's tablet gunning for App...ad - CNN.com - Mozilla Firefox",Left mouse button released,1844,594,0.00,0.00,0.00, 
2010:02:26,16:55:20,046,"firefox.exe","Dell's tablet gunning for App...ad - CNN.com - Mozilla Firefox",Mouse wheel,1812,628,46.69,59.56,0.78, 
2010:02:26,16:55:40,265,"firefox.exe","Dell's tablet gunning for App...ad - CNN.com - Mozilla Firefox",Mouse wheel stopped,1872,576,0.00,0.00,1.00,1 Wheel actions
2010:02:26,16:55:40,265,"firefox.exe","Dell's tablet gunning for App...ad - CNN.com - Mozilla Firefox",Left mouse button pressed,1872,576,79.40,177.04,0.45, 
2010:02:26,16:55:41,140,"firefox.exe","Dell's tablet gunning for App...ad - CNN.com - Mozilla Firefox",Left mouse button released,1830,561,44.60,49.01,0.91, 
2010:02:26,16:55:41,250,"firefox.exe","Dell's tablet gunning for App...ad - CNN.com - Mozilla Firefox",Left mouse button pressed,1830,561,0.00,0.00,0.00, 
2010:02:26,16:55:41,359,"firefox.exe","Dell's tablet gunning for App...ad - CNN.com - Mozilla Firefox",Left mouse button released,1830,561,0.00,0.00,0.00, 
2010:02:26,16:55:41,812,"firefox.exe","Dell's tablet gunning for App...ad - CNN.com - Mozilla Firefox",Mouse wheel,1821,559,9.22,10.41,0.89, 
2010:02:26,16:55:56,688,"firefox.exe","Dell's tablet gunning for App...ad - CNN.com - Mozilla Firefox",Mouse wheel stopped,1674,498,0.00,0.00,1.00,2 Wheel actions
2010:02:26,16:55:56,688,"firefox.exe","Dell's tablet gunning for App...ad - CNN.com - Mozilla Firefox",Left mouse button pressed,1674,498,84.15,101.20,0.83, 
2010:02:26,16:55:57,234,"firefox.exe","Dell's tablet gunning for App...ad - CNN.com - Mozilla Firefox",Left mouse button released,1676,451,47.04,47.47,0.99, 
2010:02:26,16:55:57,516,"firefox.exe","Dell's tablet gunning for App...ad - CNN.com - Mozilla Firefox",Left mouse button pressed,1676,451,0.00,0.00,0.00, 
2010:02:26,16:55:58,672,"firefox.exe","Dell's tablet gunning for App...ad - CNN.com - Mozilla Firefox",Left mouse button released,1700,497,51.88,55.93,0.93, 
2010:02:26,16:55:58,828,"firefox.exe","Dell's tablet gunning for App...ad - CNN.com - Mozilla Firefox",Left mouse button pressed,1700,497,0.00,0.00,0.00, 
2010:02:26,16:55:58,969,"firefox.exe","Dell's tablet gunning for App...ad - CNN.com - Mozilla Firefox",Left mouse button released,1700,497,0.00,0.00,0.00, 
2010:02:26,16:56:08,078,"firefox.exe","Dell's tablet gunning for App...ad - CNN.com - Mozilla Firefox",Left mouse button pressed,1686,628,131.75,194.36,0.68, 
2010:02:26,16:56:09,750,"firefox.exe","Dell's tablet gunning for App...ad - CNN.com - Mozilla Firefox",Left mouse button released,1755,547,106.40,125.85,0.85, 
2010:02:26,16:56:10,875,"firefox.exe","Dell's tablet gunning for App...ad - CNN.com - Mozilla Firefox",Left mouse button pressed,1755,546,1.00,1.00,1.00, 
2010:02:26,16:56:11,032,"firefox.exe","Dell's tablet gunning for App...ad - CNN.com - Mozilla Firefox",Left mouse button released,1755,546,0.00,0.00,0.00, 
2010:02:26,16:56:16,501,"firefox.exe","Dell's tablet gunning for App...ad - CNN.com - Mozilla Firefox",Mouse wheel,1699,578,64.50,116.96,0.55, 
2010:02:26,16:56:40,736,"firefox.exe","Dell's tablet gunning for App...ad - CNN.com - Mozilla Firefox",Mouse wheel stopped,1710,515,0.00,0.00,1.00,2 Wheel actions
2010:02:26,16:56:40,736,"firefox.exe","Dell's tablet gunning for App...ad - CNN.com - Mozilla Firefox",Left mouse button pressed,1710,515,23.02,24.00,0.96, 
2010:02:26,16:56:41,595,"firefox.exe","Dell's tablet gunning for App...ad - CNN.com - Mozilla Firefox",Left mouse button released,1705,488,27.46,32.00,0.86, 
2010:02:26,16:56:41,829,"firefox.exe","Dell's tablet gunning for App...ad - CNN.com - Mozilla Firefox",Left mouse button pressed,1705,488,0.00,0.00,0.00, 
2010:02:26,16:56:42,626,"firefox.exe","Dell's tablet gunning for App...ad - CNN.com - Mozilla Firefox",Left mouse button released,1716,518,31.95,34.61,0.92, 
2010:02:26,16:56:42,767,"firefox.exe","Dell's tablet gunning for App...ad - CNN.com - Mozilla Firefox",Left mouse button pressed,1715,518,1.00,1.00,1.00, 
2010:02:26,16:56:42,876,"firefox.exe","Dell's tablet gunning for App...ad - CNN.com - Mozilla Firefox",Left mouse button released,1715,518,0.00,0.00,0.00, 
2010:02:26,16:56:49,095,"firefox.exe","Dell's tablet gunning for App...ad - CNN.com - Mozilla Firefox",Mouse wheel,1710,519,5.10,62.49,0.08, 
2010:02:26,16:56:52,298,"firefox.exe","Dell's tablet gunning for App...ad - CNN.com - Mozilla Firefox",Mouse wheel stopped,1854,467,0.00,0.00,1.00,1 Wheel actions
2010:02:26,16:56:52,298,"firefox.exe","Dell's tablet gunning for App...ad - CNN.com - Mozilla Firefox",Left mouse button pressed,1854,467,153.10,232.68,0.66, 
2010:02:26,16:56:55,095,"firefox.exe","Dell's tablet gunning for App...ad - CNN.com - Mozilla Firefox",Left mouse button released,1785,443,73.05,84.14,0.87, 
2010:02:26,16:56:55,220,"firefox.exe","Dell's tablet gunning for App...ad - CNN.com - Mozilla Firefox",Left mouse button pressed,1785,443,0.00,0.00,0.00, 
2010:02:26,16:56:55,314,"firefox.exe","Dell's tablet gunning for App...ad - CNN.com - Mozilla Firefox",Left mouse button released,1785,443,0.00,0.00,0.00, 
2010:02:26,16:56:56,220,"firefox.exe","Dell's tablet gunning for App...ad - CNN.com - Mozilla Firefox",Left mouse button pressed,1744,536,101.64,111.16,0.91, 
2010:02:26,16:56:57,423,"firefox.exe","Dell's tablet gunning for App...ad - CNN.com - Mozilla Firefox",Left mouse button released,1754,498,39.29,44.13,0.89, 
2010:02:26,16:56:57,908,"firefox.exe","Dell's tablet gunning for App...ad - CNN.com - Mozilla Firefox",Left mouse button pressed,1754,498,0.00,0.00,0.00, 
2010:02:26,16:56:58,923,"firefox.exe","Dell's tablet gunning for App...ad - CNN.com - Mozilla Firefox",Left mouse button released,1774,541,47.42,55.03,0.86, 
2010:02:26,16:56:59,095,"firefox.exe","Dell's tablet gunning for App...ad - CNN.com - Mozilla Firefox",Left mouse button pressed,1774,541,0.00,0.00,0.00, 
2010:02:26,16:56:59,236,"firefox.exe","Dell's tablet gunning for App...ad - CNN.com - Mozilla Firefox",Left mouse button released,1774,541,0.00,0.00,0.00, 
2010:02:26,16:57:07,689,"firefox.exe","Dell's tablet gunning for App...ad - CNN.com - Mozilla Firefox",Left mouse button pressed,1720,593,74.97,243.00,0.31, 
2010:02:26,16:57:08,846,"firefox.exe","Dell's tablet gunning for App...ad - CNN.com - Mozilla Firefox",Left mouse button released,1640,575,82.00,85.83,0.96, 
2010:02:26,16:57:08,986,"firefox.exe","Dell's tablet gunning for App...ad - CNN.com - Mozilla Firefox",Left mouse button pressed,1640,575,0.00,0.00,0.00, 
2010:02:26,16:57:09,627,"firefox.exe","Dell's tablet gunning for App...ad - CNN.com - Mozilla Firefox",Left mouse button released,1792,598,153.73,155.62,0.99, 
2010:02:26,16:57:09,752,"firefox.exe","Dell's tablet gunning for App...ad - CNN.com - Mozilla Firefox",Left mouse button pressed,1792,598,0.00,0.00,0.00, 
2010:02:26,16:57:09,846,"firefox.exe","Dell's tablet gunning for App...ad - CNN.com - Mozilla Firefox",Left mouse button released,1792,598,0.00,0.00,0.00, 
2010:02:26,16:57:12,658,"firefox.exe","Dell's tablet gunning for App...ad - CNN.com - Mozilla Firefox",Mouse wheel,1767,597,25.02,28.00,0.89, 
2010:02:26,16:57:13,236,"firefox.exe","Dell's tablet gunning for App...ad - CNN.com - Mozilla Firefox",Mouse wheel stopped,1748,598,0.00,0.00,1.00,1 Wheel actions
2010:02:26,16:57:13,236,"firefox.exe","Dell's tablet gunning for App...ad - CNN.com - Mozilla Firefox",Left mouse button pressed,1748,598,19.03,19.41,0.98, 
2010:02:26,16:57:14,549,"firefox.exe","Dell's tablet gunning for App...ad - CNN.com - Mozilla Firefox",Left mouse button released,1663,525,112.04,125.45,0.89, 
2010:02:26,16:57:17,690,"firefox.exe","Dell's tablet gunning for App...ad - CNN.com - Mozilla Firefox",Mouse wheel,1795,559,136.31,169.08,0.81, 
2010:02:26,16:57:37,721,"firefox.exe","Dell's tablet gunning for App...ad - CNN.com - Mozilla Firefox",Mouse wheel stopped,1768,494,0.00,0.00,1.00,1 Wheel actions
2010:02:26,16:57:37,721,"firefox.exe","Dell's tablet gunning for App...ad - CNN.com - Mozilla Firefox",Left mouse button pressed,1768,494,70.38,98.89,0.71, 
2010:02:26,16:57:37,831,"firefox.exe","Dell's tablet gunning for App...ad - CNN.com - Mozilla Firefox",Left mouse button released,1769,494,1.00,1.00,1.00, 
2010:02:26,16:57:38,471,"firefox.exe","Dell's tablet gunning for App...ad - CNN.com - Mozilla Firefox",Mouse wheel,1768,502,8.06,35.67,0.23, 
2010:02:26,16:58:00,316,"Explorer.EXE","4:57 PM",Mouse wheel stopped,1762,504,0.00,0.00,1.00,1 Wheel actions
2010:02:26,16:58:08,285,"firefox.exe","Dell's tablet gunning for App...ad - CNN.com - Mozilla Firefox",Mouse wheel,1846,527,81.91,308.26,0.27, 
2010:02:26,16:59:00,317,"Explorer.EXE","4:58 PM",Mouse wheel stopped,1799,586,0.00,0.00,1.00,3 Wheel actions
2010:02:26,16:59:16,943,"firefox.exe","Dell's tablet gunning for App...ad - CNN.com - Mozilla Firefox",Mouse wheel,1782,610,51.11,160.66,0.32, 
2010:02:26,16:59:29,880,"firefox.exe","Dell's tablet gunning for App...ad - CNN.com - Mozilla Firefox",Mouse wheel stopped,1709,611,0.00,0.00,1.00,1 Wheel actions
2010:02:26,16:59:29,880,"firefox.exe","Dell's tablet gunning for App...ad - CNN.com - Mozilla Firefox",Left mouse button pressed,1709,611,73.01,340.68,0.21, 
2010:02:26,16:59:30,177,"firefox.exe","Dell's tablet gunning for App...ad - CNN.com - Mozilla Firefox",Left mouse button released,1669,597,42.38,45.70,0.93, 
2010:02:26,16:59:30,334,"firefox.exe","Dell's tablet gunning for App...ad - CNN.com - Mozilla Firefox",Left mouse button pressed,1668,597,1.00,1.00,1.00, 
2010:02:26,16:59:30,427,"firefox.exe","Dell's tablet gunning for App...ad - CNN.com - Mozilla Firefox",Left mouse button released,1668,597,0.00,0.00,0.00, 
2010:02:26,16:59:30,927,"firefox.exe","Dell's tablet gunning for App...ad - CNN.com - Mozilla Firefox",Mouse wheel,1668,597,0.00,0.00,0.00, 
2010:02:26,16:59:47,990,"firefox.exe","Dell's tablet gunning for App...ad - CNN.com - Mozilla Firefox",Mouse wheel stopped,1716,654,0.00,0.00,1.00,1 Wheel actions
2010:02:26,16:59:47,990,"firefox.exe","Dell's tablet gunning for App...ad - CNN.com - Mozilla Firefox",Left mouse button pressed,1716,654,74.52,144.91,0.51, 
2010:02:26,16:59:48,647,"firefox.exe","Dell's tablet gunning for App...ad - CNN.com - Mozilla Firefox",Left mouse button released,1669,621,57.43,65.87,0.87, 
2010:02:26,16:59:48,787,"firefox.exe","Dell's tablet gunning for App...ad - CNN.com - Mozilla Firefox",Left mouse button pressed,1669,621,0.00,0.00,0.00, 
2010:02:26,16:59:48,897,"firefox.exe","Dell's tablet gunning for App...ad - CNN.com - Mozilla Firefox",Left mouse button released,1669,621,0.00,0.00,0.00, 
2010:02:26,16:59:49,225,"firefox.exe","Dell's tablet gunning for App...ad - CNN.com - Mozilla Firefox",Left mouse button pressed,1671,614,7.28,9.00,0.81, 
2010:02:26,16:59:49,725,"firefox.exe","Dell's tablet gunning for App...ad - CNN.com - Mozilla Firefox",Left mouse button released,1775,657,112.54,115.90,0.97, 
2010:02:26,16:59:49,818,"firefox.exe","Dell's tablet gunning for App...ad - CNN.com - Mozilla Firefox",Left mouse button pressed,1775,657,0.00,0.00,0.00, 
2010:02:26,16:59:49,928,"firefox.exe","Dell's tablet gunning for App...ad - CNN.com - Mozilla Firefox",Left mouse button released,1775,657,0.00,0.00,0.00, 
2010:02:26,16:59:50,397,"firefox.exe","Dell's tablet gunning for App...ad - CNN.com - Mozilla Firefox",Mouse wheel,1773,654,3.61,5.00,0.72, 
2010:02:26,17:00:00,319,"Explorer.EXE","4:59 PM",Mouse wheel stopped,1902,619,0.00,0.00,1.00,1 Wheel actions
2010:02:26,17:00:03,819,"firefox.exe","Dell's tablet gunning for App...ad - CNN.com - Mozilla Firefox",Mouse wheel,1886,614,119.87,445.89,0.27, 
2010:02:26,17:01:00,320,"Explorer.EXE","5:00 PM",Mouse wheel stopped,1891,610,0.00,0.00,1.00,1 Wheel actions
2010:02:26,17:01:57,728,"Explorer.EXE","Notification Area",Left mouse button pressed,1134,1009,849.43,1900.07,0.45, 
2010:02:26,17:01:57,837,"Explorer.EXE","Notification Area",Left mouse button released,1134,1009,0.00,0.00,0.00, 
2010:02:26,17:01:58,509,"uLog.exe","<Unknown window>",Left mouse button pressed,1156,984,33.30,39.31,0.85, 
2010:02:26,17:01:58,619,"uLog.exe","<Unknown window>",Left mouse button released,1156,984,0.00,0.00,0.00, 
2010:02:26,17:01:58,619,"uLog.exe"," ",Logging stopped,-1,-1,-1.00,-1.00,-1.00, 
